A,B,C,eval
0,1,10,1
0,1,11,1
0,1,12,1
0,1,13,1
0,1,14,1
0,1,15,1
0,1,16,1
0,1,17,1
0,1,18,1
0,1,19,1
0,1,20,1
0,1,21,1
0,1,22,1
0,1,23,1
0,1,24,1
0,1,25,1
0,1,26,1
0,1,27,1
0,1,28,1
0,1,29,1
0,1,30,1
0,1,31,1
0,1,32,1
0,1,33,1
0,1,34,1
0,1,35,1
0,1,36,1
0,1,37,1
0,1,38,1
0,1,39,1
0,1,40,1
0,1,41,1
0,1,42,1
0,1,43,1
0,1,44,1
0,1,45,1
0,1,46,1
0,1,47,1
0,1,48,1
0,1,49,1
0,2,10,1
0,2,11,1
0,2,12,1
0,2,13,1
0,2,14,1
0,2,15,1
0,2,16,1
0,2,17,1
0,2,18,1
0,2,19,1
0,2,20,1
0,2,21,1
0,2,22,1
0,2,23,1
0,2,24,1
0,2,25,1
0,2,26,1
0,2,27,1
0,2,28,1
0,2,29,1
0,2,30,1
0,2,31,1
0,2,32,1
0,2,33,1
0,2,34,1
0,2,35,1
0,2,36,1
0,2,37,1
0,2,38,1
0,2,39,1
0,2,40,1
0,2,41,1
0,2,42,1
0,2,43,1
0,2,44,1
0,2,45,1
0,2,46,1
0,2,47,1
0,2,48,1
0,2,49,1
0,3,10,1
0,3,11,1
0,3,12,1
0,3,13,1
0,3,14,1
0,3,15,1
0,3,16,1
0,3,17,1
0,3,18,1
0,3,19,1
0,3,20,1
0,3,21,1
0,3,22,1
0,3,23,1
0,3,24,1
0,3,25,1
0,3,26,1
0,3,27,1
0,3,28,1
0,3,29,1
0,3,30,1
0,3,31,1
0,3,32,1
0,3,33,1
0,3,34,1
0,3,35,1
0,3,36,1
0,3,37,1
0,3,38,1
0,3,39,1
0,3,40,1
0,3,41,1
0,3,42,1
0,3,43,1
0,3,44,1
0,3,45,1
0,3,46,1
0,3,47,1
0,3,48,1
0,3,49,1
0,4,10,1
0,4,11,1
0,4,12,1
0,4,13,1
0,4,14,1
0,4,15,1
0,4,16,1
0,4,17,1
0,4,18,1
0,4,19,1
0,4,20,1
0,4,21,1
0,4,22,1
0,4,23,1
0,4,24,1
0,4,25,1
0,4,26,1
0,4,27,1
0,4,28,1
0,4,29,1
0,4,30,1
0,4,31,1
0,4,32,1
0,4,33,1
0,4,34,1
0,4,35,1
0,4,36,1
0,4,37,1
0,4,38,1
0,4,39,1
0,4,40,1
0,4,41,1
0,4,42,1
0,4,43,1
0,4,44,1
0,4,45,1
0,4,46,1
0,4,47,1
0,4,48,1
0,4,49,1
0,5,10,1
0,5,11,1
0,5,12,1
0,5,13,1
0,5,14,1
0,5,15,1
0,5,16,1
0,5,17,1
0,5,18,1
0,5,19,1
0,5,20,1
0,5,21,1
0,5,22,1
0,5,23,1
0,5,24,1
0,5,25,1
0,5,26,1
0,5,27,1
0,5,28,1
0,5,29,1
0,5,30,1
0,5,31,1
0,5,32,1
0,5,33,1
0,5,34,1
0,5,35,1
0,5,36,1
0,5,37,1
0,5,38,1
0,5,39,1
0,5,40,1
0,5,41,1
0,5,42,1
0,5,43,1
0,5,44,1
0,5,45,1
0,5,46,1
0,5,47,1
0,5,48,1
0,5,49,1
0,6,10,1
0,6,11,1
0,6,12,1
0,6,13,1
0,6,14,1
0,6,15,1
0,6,16,1
0,6,17,1
0,6,18,1
0,6,19,1
0,6,20,1
0,6,21,1
0,6,22,1
0,6,23,1
0,6,24,1
0,6,25,1
0,6,26,1
0,6,27,1
0,6,28,1
0,6,29,1
0,6,30,1
0,6,31,1
0,6,32,1
0,6,33,1
0,6,34,1
0,6,35,1
0,6,36,1
0,6,37,1
0,6,38,1
0,6,39,1
0,6,40,1
0,6,41,1
0,6,42,1
0,6,43,1
0,6,44,1
0,6,45,1
0,6,46,1
0,6,47,1
0,6,48,1
0,6,49,1
0,7,10,1
0,7,11,1
0,7,12,1
0,7,13,1
0,7,14,1
0,7,15,1
0,7,16,1
0,7,17,1
0,7,18,1
0,7,19,1
0,7,20,1
0,7,21,1
0,7,22,1
0,7,23,1
0,7,24,1
0,7,25,1
0,7,26,1
0,7,27,1
0,7,28,1
0,7,29,1
0,7,30,1
0,7,31,1
0,7,32,1
0,7,33,1
0,7,34,1
0,7,35,1
0,7,36,1
0,7,37,1
0,7,38,1
0,7,39,1
0,7,40,1
0,7,41,1
0,7,42,1
0,7,43,1
0,7,44,1
0,7,45,1
0,7,46,1
0,7,47,1
0,7,48,1
0,7,49,1
0,8,10,1
0,8,11,1
0,8,12,1
0,8,13,1
0,8,14,1
0,8,15,1
0,8,16,1
0,8,17,1
0,8,18,1
0,8,19,1
0,8,20,1
0,8,21,1
0,8,22,1
0,8,23,1
0,8,24,1
0,8,25,1
0,8,26,1
0,8,27,1
0,8,28,1
0,8,29,1
0,8,30,1
0,8,31,1
0,8,32,1
0,8,33,1
0,8,34,1
0,8,35,1
0,8,36,1
0,8,37,1
0,8,38,1
0,8,39,1
0,8,40,1
0,8,41,1
0,8,42,1
0,8,43,1
0,8,44,1
0,8,45,1
0,8,46,1
0,8,47,1
0,8,48,1
0,8,49,1
0,9,10,1
0,9,11,1
0,9,12,1
0,9,13,1
0,9,14,1
0,9,15,1
0,9,16,1
0,9,17,1
0,9,18,1
0,9,19,1
0,9,20,1
0,9,21,1
0,9,22,1
0,9,23,1
0,9,24,1
0,9,25,1
0,9,26,1
0,9,27,1
0,9,28,1
0,9,29,1
0,9,30,1
0,9,31,1
0,9,32,1
0,9,33,1
0,9,34,1
0,9,35,1
0,9,36,1
0,9,37,1
0,9,38,1
0,9,39,1
0,9,40,1
0,9,41,1
0,9,42,1
0,9,43,1
0,9,44,1
0,9,45,1
0,9,46,1
0,9,47,1
0,9,48,1
0,9,49,1
1,2,10,1
1,2,11,1
1,2,12,1
1,2,13,1
1,2,14,1
1,2,15,1
1,2,16,1
1,2,17,1
1,2,18,1
1,2,19,1
1,2,20,1
1,2,21,1
1,2,22,1
1,2,23,1
1,2,24,1
1,2,25,1
1,2,26,1
1,2,27,1
1,2,28,1
1,2,29,1
1,2,30,1
1,2,31,1
1,2,32,1
1,2,33,1
1,2,34,1
1,2,35,1
1,2,36,1
1,2,37,1
1,2,38,1
1,2,39,1
1,2,40,1
1,2,41,1
1,2,42,1
1,2,43,1
1,2,44,1
1,2,45,1
1,2,46,1
1,2,47,1
1,2,48,1
1,2,49,1
1,3,10,1
1,3,11,1
1,3,12,1
1,3,13,1
1,3,14,1
1,3,15,1
1,3,16,1
1,3,17,1
1,3,18,1
1,3,19,1
1,3,20,1
1,3,21,1
1,3,22,1
1,3,23,1
1,3,24,1
1,3,25,1
1,3,26,1
1,3,27,1
1,3,28,1
1,3,29,1
1,3,30,1
1,3,31,1
1,3,32,1
1,3,33,1
1,3,34,1
1,3,35,1
1,3,36,1
1,3,37,1
1,3,38,1
1,3,39,1
1,3,40,1
1,3,41,1
1,3,42,1
1,3,43,1
1,3,44,1
1,3,45,1
1,3,46,1
1,3,47,1
1,3,48,1
1,3,49,1
1,4,10,1
1,4,11,1
1,4,12,1
1,4,13,1
1,4,14,1
1,4,15,1
1,4,16,1
1,4,17,1
1,4,18,1
1,4,19,1
1,4,20,1
1,4,21,1
1,4,22,1
1,4,23,1
1,4,24,1
1,4,25,1
1,4,26,1
1,4,27,1
1,4,28,1
1,4,29,1
1,4,30,1
1,4,31,1
1,4,32,1
1,4,33,1
1,4,34,1
1,4,35,1
1,4,36,1
1,4,37,1
1,4,38,1
1,4,39,1
1,4,40,1
1,4,41,1
1,4,42,1
1,4,43,1
1,4,44,1
1,4,45,1
1,4,46,1
1,4,47,1
1,4,48,1
1,4,49,1
1,5,10,1
1,5,11,1
1,5,12,1
1,5,13,1
1,5,14,1
1,5,15,1
1,5,16,1
1,5,17,1
1,5,18,1
1,5,19,1
1,5,20,1
1,5,21,1
1,5,22,1
1,5,23,1
1,5,24,1
1,5,25,1
1,5,26,1
1,5,27,1
1,5,28,1
1,5,29,1
1,5,30,1
1,5,31,1
1,5,32,1
1,5,33,1
1,5,34,1
1,5,35,1
1,5,36,1
1,5,37,1
1,5,38,1
1,5,39,1
1,5,40,1
1,5,41,1
1,5,42,1
1,5,43,1
1,5,44,1
1,5,45,1
1,5,46,1
1,5,47,1
1,5,48,1
1,5,49,1
1,6,10,1
1,6,11,1
1,6,12,1
1,6,13,1
1,6,14,1
1,6,15,1
1,6,16,1
1,6,17,1
1,6,18,1
1,6,19,1
1,6,20,1
1,6,21,1
1,6,22,1
1,6,23,1
1,6,24,1
1,6,25,1
1,6,26,1
1,6,27,1
1,6,28,1
1,6,29,1
1,6,30,1
1,6,31,1
1,6,32,1
1,6,33,1
1,6,34,1
1,6,35,1
1,6,36,1
1,6,37,1
1,6,38,1
1,6,39,1
1,6,40,1
1,6,41,1
1,6,42,1
1,6,43,1
1,6,44,1
1,6,45,1
1,6,46,1
1,6,47,1
1,6,48,1
1,6,49,1
1,7,10,1
1,7,11,1
1,7,12,1
1,7,13,1
1,7,14,1
1,7,15,1
1,7,16,1
1,7,17,1
1,7,18,1
1,7,19,1
1,7,20,1
1,7,21,1
1,7,22,1
1,7,23,1
1,7,24,1
1,7,25,1
1,7,26,1
1,7,27,1
1,7,28,1
1,7,29,1
1,7,30,1
1,7,31,1
1,7,32,1
1,7,33,1
1,7,34,1
1,7,35,1
1,7,36,1
1,7,37,1
1,7,38,1
1,7,39,1
1,7,40,1
1,7,41,1
1,7,42,1
1,7,43,1
1,7,44,1
1,7,45,1
1,7,46,1
1,7,47,1
1,7,48,1
1,7,49,1
1,8,10,1
1,8,11,1
1,8,12,1
1,8,13,1
1,8,14,1
1,8,15,1
1,8,16,1
1,8,17,1
1,8,18,1
1,8,19,1
1,8,20,1
1,8,21,1
1,8,22,1
1,8,23,1
1,8,24,1
1,8,25,1
1,8,26,1
1,8,27,1
1,8,28,1
1,8,29,1
1,8,30,1
1,8,31,1
1,8,32,1
1,8,33,1
1,8,34,1
1,8,35,1
1,8,36,1
1,8,37,1
1,8,38,1
1,8,39,1
1,8,40,1
1,8,41,1
1,8,42,1
1,8,43,1
1,8,44,1
1,8,45,1
1,8,46,1
1,8,47,1
1,8,48,1
1,8,49,1
1,9,10,1
1,9,11,1
1,9,12,1
1,9,13,1
1,9,14,1
1,9,15,1
1,9,16,1
1,9,17,1
1,9,18,1
1,9,19,1
1,9,20,1
1,9,21,1
1,9,22,1
1,9,23,1
1,9,24,1
1,9,25,1
1,9,26,1
1,9,27,1
1,9,28,1
1,9,29,1
1,9,30,1
1,9,31,1
1,9,32,1
1,9,33,1
1,9,34,1
1,9,35,1
1,9,36,1
1,9,37,1
1,9,38,1
1,9,39,1
1,9,40,1
1,9,41,1
1,9,42,1
1,9,43,1
1,9,44,1
1,9,45,1
1,9,46,1
1,9,47,1
1,9,48,1
1,9,49,1
2,3,10,1
2,3,11,1
2,3,12,1
2,3,13,1
2,3,14,1
2,3,15,1
2,3,16,1
2,3,17,1
2,3,18,1
2,3,19,1
2,3,20,1
2,3,21,1
2,3,22,1
2,3,23,1
2,3,24,1
2,3,25,1
2,3,26,1
2,3,27,1
2,3,28,1
2,3,29,1
2,3,30,1
2,3,31,1
2,3,32,1
2,3,33,1
2,3,34,1
2,3,35,1
2,3,36,1
2,3,37,1
2,3,38,1
2,3,39,1
2,3,40,1
2,3,41,1
2,3,42,1
2,3,43,1
2,3,44,1
2,3,45,1
2,3,46,1
2,3,47,1
2,3,48,1
2,3,49,1
2,4,10,1
2,4,11,1
2,4,12,1
2,4,13,1
2,4,14,1
2,4,15,1
2,4,16,1
2,4,17,1
2,4,18,1
2,4,19,1
2,4,20,1
2,4,21,1
2,4,22,1
2,4,23,1
2,4,24,1
2,4,25,1
2,4,26,1
2,4,27,1
2,4,28,1
2,4,29,1
2,4,30,1
2,4,31,1
2,4,32,1
2,4,33,1
2,4,34,1
2,4,35,1
2,4,36,1
2,4,37,1
2,4,38,1
2,4,39,1
2,4,40,1
2,4,41,1
2,4,42,1
2,4,43,1
2,4,44,1
2,4,45,1
2,4,46,1
2,4,47,1
2,4,48,1
2,4,49,1
2,5,10,1
2,5,11,1
2,5,12,1
2,5,13,1
2,5,14,1
2,5,15,1
2,5,16,1
2,5,17,1
2,5,18,1
2,5,19,1
2,5,20,1
2,5,21,1
2,5,22,1
2,5,23,1
2,5,24,1
2,5,25,1
2,5,26,1
2,5,27,1
2,5,28,1
2,5,29,1
2,5,30,1
2,5,31,1
2,5,32,1
2,5,33,1
2,5,34,1
2,5,35,1
2,5,36,1
2,5,37,1
2,5,38,1
2,5,39,1
2,5,40,1
2,5,41,1
2,5,42,1
2,5,43,1
2,5,44,1
2,5,45,1
2,5,46,1
2,5,47,1
2,5,48,1
2,5,49,1
2,6,10,1
2,6,11,1
2,6,12,1
2,6,13,1
2,6,14,1
2,6,15,1
2,6,16,1
2,6,17,1
2,6,18,1
2,6,19,1
2,6,20,1
2,6,21,1
2,6,22,1
2,6,23,1
2,6,24,1
2,6,25,1
2,6,26,1
2,6,27,1
2,6,28,1
2,6,29,1
2,6,30,1
2,6,31,1
2,6,32,1
2,6,33,1
2,6,34,1
2,6,35,1
2,6,36,1
2,6,37,1
2,6,38,1
2,6,39,1
2,6,40,1
2,6,41,1
2,6,42,1
2,6,43,1
2,6,44,1
2,6,45,1
2,6,46,1
2,6,47,1
2,6,48,1
2,6,49,1
2,7,10,1
2,7,11,1
2,7,12,1
2,7,13,1
2,7,14,1
2,7,15,1
2,7,16,1
2,7,17,1
2,7,18,1
2,7,19,1
2,7,20,1
2,7,21,1
2,7,22,1
2,7,23,1
2,7,24,1
2,7,25,1
2,7,26,1
2,7,27,1
2,7,28,1
2,7,29,1
2,7,30,1
2,7,31,1
2,7,32,1
2,7,33,1
2,7,34,1
2,7,35,1
2,7,36,1
2,7,37,1
2,7,38,1
2,7,39,1
2,7,40,1
2,7,41,1
2,7,42,1
2,7,43,1
2,7,44,1
2,7,45,1
2,7,46,1
2,7,47,1
2,7,48,1
2,7,49,1
2,8,10,1
2,8,11,1
2,8,12,1
2,8,13,1
2,8,14,1
2,8,15,1
2,8,16,1
2,8,17,1
2,8,18,1
2,8,19,1
2,8,20,1
2,8,21,1
2,8,22,1
2,8,23,1
2,8,24,1
2,8,25,1
2,8,26,1
2,8,27,1
2,8,28,1
2,8,29,1
2,8,30,1
2,8,31,1
2,8,32,1
2,8,33,1
2,8,34,1
2,8,35,1
2,8,36,1
2,8,37,1
2,8,38,1
2,8,39,1
2,8,40,1
2,8,41,1
2,8,42,1
2,8,43,1
2,8,44,1
2,8,45,1
2,8,46,1
2,8,47,1
2,8,48,1
2,8,49,1
2,9,10,1
2,9,11,1
2,9,12,1
2,9,13,1
2,9,14,1
2,9,15,1
2,9,16,1
2,9,17,1
2,9,18,1
2,9,19,1
2,9,20,1
2,9,21,1
2,9,22,1
2,9,23,1
2,9,24,1
2,9,25,1
2,9,26,1
2,9,27,1
2,9,28,1
2,9,29,1
2,9,30,1
2,9,31,1
2,9,32,1
2,9,33,1
2,9,34,1
2,9,35,1
2,9,36,1
2,9,37,1
2,9,38,1
2,9,39,1
2,9,40,1
2,9,41,1
2,9,42,1
2,9,43,1
2,9,44,1
2,9,45,1
2,9,46,1
2,9,47,1
2,9,48,1
2,9,49,1
3,4,10,1
3,4,11,1
3,4,12,1
3,4,13,1
3,4,14,1
3,4,15,1
3,4,16,1
3,4,17,1
3,4,18,1
3,4,19,1
3,4,20,1
3,4,21,1
3,4,22,1
3,4,23,1
3,4,24,1
3,4,25,1
3,4,26,1
3,4,27,1
3,4,28,1
3,4,29,1
3,4,30,1
3,4,31,1
3,4,32,1
3,4,33,1
3,4,34,1
3,4,35,1
3,4,36,1
3,4,37,1
3,4,38,1
3,4,39,1
3,4,40,1
3,4,41,1
3,4,42,1
3,4,43,1
3,4,44,1
3,4,45,1
3,4,46,1
3,4,47,1
3,4,48,1
3,4,49,1
3,5,10,1
3,5,11,1
3,5,12,1
3,5,13,1
3,5,14,1
3,5,15,1
3,5,16,1
3,5,17,1
3,5,18,1
3,5,19,1
3,5,20,1
3,5,21,1
3,5,22,1
3,5,23,1
3,5,24,1
3,5,25,1
3,5,26,1
3,5,27,1
3,5,28,1
3,5,29,1
3,5,30,1
3,5,31,1
3,5,32,1
3,5,33,1
3,5,34,1
3,5,35,1
3,5,36,1
3,5,37,1
3,5,38,1
3,5,39,1
3,5,40,1
3,5,41,1
3,5,42,1
3,5,43,1
3,5,44,1
3,5,45,1
3,5,46,1
3,5,47,1
3,5,48,1
3,5,49,1
3,6,10,1
3,6,11,1
3,6,12,1
3,6,13,1
3,6,14,1
3,6,15,1
3,6,16,1
3,6,17,1
3,6,18,1
3,6,19,1
3,6,20,1
3,6,21,1
3,6,22,1
3,6,23,1
3,6,24,1
3,6,25,1
3,6,26,1
3,6,27,1
3,6,28,1
3,6,29,1
3,6,30,1
3,6,31,1
3,6,32,1
3,6,33,1
3,6,34,1
3,6,35,1
3,6,36,1
3,6,37,1
3,6,38,1
3,6,39,1
3,6,40,1
3,6,41,1
3,6,42,1
3,6,43,1
3,6,44,1
3,6,45,1
3,6,46,1
3,6,47,1
3,6,48,1
3,6,49,1
3,7,10,1
3,7,11,1
3,7,12,1
3,7,13,1
3,7,14,1
3,7,15,1
3,7,16,1
3,7,17,1
3,7,18,1
3,7,19,1
3,7,20,1
3,7,21,1
3,7,22,1
3,7,23,1
3,7,24,1
3,7,25,1
3,7,26,1
3,7,27,1
3,7,28,1
3,7,29,1
3,7,30,1
3,7,31,1
3,7,32,1
3,7,33,1
3,7,34,1
3,7,35,1
3,7,36,1
3,7,37,1
3,7,38,1
3,7,39,1
3,7,40,1
3,7,41,1
3,7,42,1
3,7,43,1
3,7,44,1
3,7,45,1
3,7,46,1
3,7,47,1
3,7,48,1
3,7,49,1
3,8,10,1
3,8,11,1
3,8,12,1
3,8,13,1
3,8,14,1
3,8,15,1
3,8,16,1
3,8,17,1
3,8,18,1
3,8,19,1
3,8,20,1
3,8,21,1
3,8,22,1
3,8,23,1
3,8,24,1
3,8,25,1
3,8,26,1
3,8,27,1
3,8,28,1
3,8,29,1
3,8,30,1
3,8,31,1
3,8,32,1
3,8,33,1
3,8,34,1
3,8,35,1
3,8,36,1
3,8,37,1
3,8,38,1
3,8,39,1
3,8,40,1
3,8,41,1
3,8,42,1
3,8,43,1
3,8,44,1
3,8,45,1
3,8,46,1
3,8,47,1
3,8,48,1
3,8,49,1
3,9,10,1
3,9,11,1
3,9,12,1
3,9,13,1
3,9,14,1
3,9,15,1
3,9,16,1
3,9,17,1
3,9,18,1
3,9,19,1
3,9,20,1
3,9,21,1
3,9,22,1
3,9,23,1
3,9,24,1
3,9,25,1
3,9,26,1
3,9,27,1
3,9,28,1
3,9,29,1
3,9,30,1
3,9,31,1
3,9,32,1
3,9,33,1
3,9,34,1
3,9,35,1
3,9,36,1
3,9,37,1
3,9,38,1
3,9,39,1
3,9,40,1
3,9,41,1
3,9,42,1
3,9,43,1
3,9,44,1
3,9,45,1
3,9,46,1
3,9,47,1
3,9,48,1
3,9,49,1
4,5,10,1
4,5,11,1
4,5,12,1
4,5,13,1
4,5,14,1
4,5,15,1
4,5,16,1
4,5,17,1
4,5,18,1
4,5,19,1
4,5,20,1
4,5,21,1
4,5,22,1
4,5,23,1
4,5,24,1
4,5,25,1
4,5,26,1
4,5,27,1
4,5,28,1
4,5,29,1
4,5,30,1
4,5,31,1
4,5,32,1
4,5,33,1
4,5,34,1
4,5,35,1
4,5,36,1
4,5,37,1
4,5,38,1
4,5,39,1
4,5,40,1
4,5,41,1
4,5,42,1
4,5,43,1
4,5,44,1
4,5,45,1
4,5,46,1
4,5,47,1
4,5,48,1
4,5,49,1
4,6,10,1
4,6,11,1
4,6,12,1
4,6,13,1
4,6,14,1
4,6,15,1
4,6,16,1
4,6,17,1
4,6,18,1
4,6,19,1
4,6,20,1
4,6,21,1
4,6,22,1
4,6,23,1
4,6,24,1
4,6,25,1
4,6,26,1
4,6,27,1
4,6,28,1
4,6,29,1
4,6,30,1
4,6,31,1
4,6,32,1
4,6,33,1
4,6,34,1
4,6,35,1
4,6,36,1
4,6,37,1
4,6,38,1
4,6,39,1
4,6,40,1
4,6,41,1
4,6,42,1
4,6,43,1
4,6,44,1
4,6,45,1
4,6,46,1
4,6,47,1
4,6,48,1
4,6,49,1
4,7,10,1
4,7,11,1
4,7,12,1
4,7,13,1
4,7,14,1
4,7,15,1
4,7,16,1
4,7,17,1
4,7,18,1
4,7,19,1
4,7,20,1
4,7,21,1
4,7,22,1
4,7,23,1
4,7,24,1
4,7,25,1
4,7,26,1
4,7,27,1
4,7,28,1
4,7,29,1
4,7,30,1
4,7,31,1
4,7,32,1
4,7,33,1
4,7,34,1
4,7,35,1
4,7,36,1
4,7,37,1
4,7,38,1
4,7,39,1
4,7,40,1
4,7,41,1
4,7,42,1
4,7,43,1
4,7,44,1
4,7,45,1
4,7,46,1
4,7,47,1
4,7,48,1
4,7,49,1
4,8,10,1
4,8,11,1
4,8,12,1
4,8,13,1
4,8,14,1
4,8,15,1
4,8,16,1
4,8,17,1
4,8,18,1
4,8,19,1
4,8,20,1
4,8,21,1
4,8,22,1
4,8,23,1
4,8,24,1
4,8,25,1
4,8,26,1
4,8,27,1
4,8,28,1
4,8,29,1
4,8,30,1
4,8,31,1
4,8,32,1
4,8,33,1
4,8,34,1
4,8,35,1
4,8,36,1
4,8,37,1
4,8,38,1
4,8,39,1
4,8,40,1
4,8,41,1
4,8,42,1
4,8,43,1
4,8,44,1
4,8,45,1
4,8,46,1
4,8,47,1
4,8,48,1
4,8,49,1
4,9,10,1
4,9,11,1
4,9,12,1
4,9,13,1
4,9,14,1
4,9,15,1
4,9,16,1
4,9,17,1
4,9,18,1
4,9,19,1
4,9,20,1
4,9,21,1
4,9,22,1
4,9,23,1
4,9,24,1
4,9,25,1
4,9,26,1
4,9,27,1
4,9,28,1
4,9,29,1
4,9,30,1
4,9,31,1
4,9,32,1
4,9,33,1
4,9,34,1
4,9,35,1
4,9,36,1
4,9,37,1
4,9,38,1
4,9,39,1
4,9,40,1
4,9,41,1
4,9,42,1
4,9,43,1
4,9,44,1
4,9,45,1
4,9,46,1
4,9,47,1
4,9,48,1
4,9,49,1
5,6,10,1
5,6,11,1
5,6,12,1
5,6,13,1
5,6,14,1
5,6,15,1
5,6,16,1
5,6,17,1
5,6,18,1
5,6,19,1
5,6,20,1
5,6,21,1
5,6,22,1
5,6,23,1
5,6,24,1
5,6,25,1
5,6,26,1
5,6,27,1
5,6,28,1
5,6,29,1
5,6,30,1
5,6,31,1
5,6,32,1
5,6,33,1
5,6,34,1
5,6,35,1
5,6,36,1
5,6,37,1
5,6,38,1
5,6,39,1
5,6,40,1
5,6,41,1
5,6,42,1
5,6,43,1
5,6,44,1
5,6,45,1
5,6,46,1
5,6,47,1
5,6,48,1
5,6,49,1
5,7,10,1
5,7,11,1
5,7,12,1
5,7,13,1
5,7,14,1
5,7,15,1
5,7,16,1
5,7,17,1
5,7,18,1
5,7,19,1
5,7,20,1
5,7,21,1
5,7,22,1
5,7,23,1
5,7,24,1
5,7,25,1
5,7,26,1
5,7,27,1
5,7,28,1
5,7,29,1
5,7,30,1
5,7,31,1
5,7,32,1
5,7,33,1
5,7,34,1
5,7,35,1
5,7,36,1
5,7,37,1
5,7,38,1
5,7,39,1
5,7,40,1
5,7,41,1
5,7,42,1
5,7,43,1
5,7,44,1
5,7,45,1
5,7,46,1
5,7,47,1
5,7,48,1
5,7,49,1
5,8,10,1
5,8,11,1
5,8,12,1
5,8,13,1
5,8,14,1
5,8,15,1
5,8,16,1
5,8,17,1
5,8,18,1
5,8,19,1
5,8,20,1
5,8,21,1
5,8,22,1
5,8,23,1
5,8,24,1
5,8,25,1
5,8,26,1
5,8,27,1
5,8,28,1
5,8,29,1
5,8,30,1
5,8,31,1
5,8,32,1
5,8,33,1
5,8,34,1
5,8,35,1
5,8,36,1
5,8,37,1
5,8,38,1
5,8,39,1
5,8,40,1
5,8,41,1
5,8,42,1
5,8,43,1
5,8,44,1
5,8,45,1
5,8,46,1
5,8,47,1
5,8,48,1
5,8,49,1
5,9,10,1
5,9,11,1
5,9,12,1
5,9,13,1
5,9,14,1
5,9,15,1
5,9,16,1
5,9,17,1
5,9,18,1
5,9,19,1
5,9,20,1
5,9,21,1
5,9,22,1
5,9,23,1
5,9,24,1
5,9,25,1
5,9,26,1
5,9,27,1
5,9,28,1
5,9,29,1
5,9,30,1
5,9,31,1
5,9,32,1
5,9,33,1
5,9,34,1
5,9,35,1
5,9,36,1
5,9,37,1
5,9,38,1
5,9,39,1
5,9,40,1
5,9,41,1
5,9,42,1
5,9,43,1
5,9,44,1
5,9,45,1
5,9,46,1
5,9,47,1
5,9,48,1
5,9,49,1
6,7,10,1
6,7,11,1
6,7,12,1
6,7,13,1
6,7,14,1
6,7,15,1
6,7,16,1
6,7,17,1
6,7,18,1
6,7,19,1
6,7,20,1
6,7,21,1
6,7,22,1
6,7,23,1
6,7,24,1
6,7,25,1
6,7,26,1
6,7,27,1
6,7,28,1
6,7,29,1
6,7,30,1
6,7,31,1
6,7,32,1
6,7,33,1
6,7,34,1
6,7,35,1
6,7,36,1
6,7,37,1
6,7,38,1
6,7,39,1
6,7,40,1
6,7,41,1
6,7,42,1
6,7,43,1
6,7,44,1
6,7,45,1
6,7,46,1
6,7,47,1
6,7,48,1
6,7,49,1
6,8,10,1
6,8,11,1
6,8,12,1
6,8,13,1
6,8,14,1
6,8,15,1
6,8,16,1
6,8,17,1
6,8,18,1
6,8,19,1
6,8,20,1
6,8,21,1
6,8,22,1
6,8,23,1
6,8,24,1
6,8,25,1
6,8,26,1
6,8,27,1
6,8,28,1
6,8,29,1
6,8,30,1
6,8,31,1
6,8,32,1
6,8,33,1
6,8,34,1
6,8,35,1
6,8,36,1
6,8,37,1
6,8,38,1
6,8,39,1
6,8,40,1
6,8,41,1
6,8,42,1
6,8,43,1
6,8,44,1
6,8,45,1
6,8,46,1
6,8,47,1
6,8,48,1
6,8,49,1
6,9,10,1
6,9,11,1
6,9,12,1
6,9,13,1
6,9,14,1
6,9,15,1
6,9,16,1
6,9,17,1
6,9,18,1
6,9,19,1
6,9,20,1
6,9,21,1
6,9,22,1
6,9,23,1
6,9,24,1
6,9,25,1
6,9,26,1
6,9,27,1
6,9,28,1
6,9,29,1
6,9,30,1
6,9,31,1
6,9,32,1
6,9,33,1
6,9,34,1
6,9,35,1
6,9,36,1
6,9,37,1
6,9,38,1
6,9,39,1
6,9,40,1
6,9,41,1
6,9,42,1
6,9,43,1
6,9,44,1
6,9,45,1
6,9,46,1
6,9,47,1
6,9,48,1
6,9,49,1
7,8,10,1
7,8,11,1
7,8,12,1
7,8,13,1
7,8,14,1
7,8,15,1
7,8,16,1
7,8,17,1
7,8,18,1
7,8,19,1
7,8,20,1
7,8,21,1
7,8,22,1
7,8,23,1
7,8,24,1
7,8,25,1
7,8,26,1
7,8,27,1
7,8,28,1
7,8,29,1
7,8,30,1
7,8,31,1
7,8,32,1
7,8,33,1
7,8,34,1
7,8,35,1
7,8,36,1
7,8,37,1
7,8,38,1
7,8,39,1
7,8,40,1
7,8,41,1
7,8,42,1
7,8,43,1
7,8,44,1
7,8,45,1
7,8,46,1
7,8,47,1
7,8,48,1
7,8,49,1
7,9,10,1
7,9,11,1
7,9,12,1
7,9,13,1
7,9,14,1
7,9,15,1
7,9,16,1
7,9,17,1
7,9,18,1
7,9,19,1
7,9,20,1
7,9,21,1
7,9,22,1
7,9,23,1
7,9,24,1
7,9,25,1
7,9,26,1
7,9,27,1
7,9,28,1
7,9,29,1
7,9,30,1
7,9,31,1
7,9,32,1
7,9,33,1
7,9,34,1
7,9,35,1
7,9,36,1
7,9,37,1
7,9,38,1
7,9,39,1
7,9,40,1
7,9,41,1
7,9,42,1
7,9,43,1
7,9,44,1
7,9,45,1
7,9,46,1
7,9,47,1
7,9,48,1
7,9,49,1
8,9,10,1
8,9,11,1
8,9,12,1
8,9,13,1
8,9,14,1
8,9,15,1
8,9,16,1
8,9,17,1
8,9,18,1
8,9,19,1
8,9,20,1
8,9,21,1
8,9,22,1
8,9,23,1
8,9,24,1
8,9,25,1
8,9,26,1
8,9,27,1
8,9,28,1
8,9,29,1
8,9,30,1
8,9,31,1
8,9,32,1
8,9,33,1
8,9,34,1
8,9,35,1
8,9,36,1
8,9,37,1
8,9,38,1
8,9,39,1
8,9,40,1
8,9,41,1
8,9,42,1
8,9,43,1
8,9,44,1
8,9,45,1
8,9,46,1
8,9,47,1
8,9,48,1
8,9,49,1
10,11,0,1
10,11,1,1
10,11,2,1
10,11,3,1
10,11,4,1
10,11,5,1
10,11,6,1
10,11,7,1
10,11,8,1
10,11,9,1
10,11,20,1
10,11,21,1
10,11,22,1
10,11,23,1
10,11,24,1
10,11,25,1
10,11,26,1
10,11,27,1
10,11,28,1
10,11,29,1
10,11,30,1
10,11,31,1
10,11,32,1
10,11,33,1
10,11,34,1
10,11,35,1
10,11,36,1
10,11,37,1
10,11,38,1
10,11,39,1
10,11,40,1
10,11,41,1
10,11,42,1
10,11,43,1
10,11,44,1
10,11,45,1
10,11,46,1
10,11,47,1
10,11,48,1
10,11,49,1
10,12,0,1
10,12,1,1
10,12,2,1
10,12,3,1
10,12,4,1
10,12,5,1
10,12,6,1
10,12,7,1
10,12,8,1
10,12,9,1
10,12,20,1
10,12,21,1
10,12,22,1
10,12,23,1
10,12,24,1
10,12,25,1
10,12,26,1
10,12,27,1
10,12,28,1
10,12,29,1
10,12,30,1
10,12,31,1
10,12,32,1
10,12,33,1
10,12,34,1
10,12,35,1
10,12,36,1
10,12,37,1
10,12,38,1
10,12,39,1
10,12,40,1
10,12,41,1
10,12,42,1
10,12,43,1
10,12,44,1
10,12,45,1
10,12,46,1
10,12,47,1
10,12,48,1
10,12,49,1
10,13,0,1
10,13,1,1
10,13,2,1
10,13,3,1
10,13,4,1
10,13,5,1
10,13,6,1
10,13,7,1
10,13,8,1
10,13,9,1
10,13,20,1
10,13,21,1
10,13,22,1
10,13,23,1
10,13,24,1
10,13,25,1
10,13,26,1
10,13,27,1
10,13,28,1
10,13,29,1
10,13,30,1
10,13,31,1
10,13,32,1
10,13,33,1
10,13,34,1
10,13,35,1
10,13,36,1
10,13,37,1
10,13,38,1
10,13,39,1
10,13,40,1
10,13,41,1
10,13,42,1
10,13,43,1
10,13,44,1
10,13,45,1
10,13,46,1
10,13,47,1
10,13,48,1
10,13,49,1
10,14,0,1
10,14,1,1
10,14,2,1
10,14,3,1
10,14,4,1
10,14,5,1
10,14,6,1
10,14,7,1
10,14,8,1
10,14,9,1
10,14,20,1
10,14,21,1
10,14,22,1
10,14,23,1
10,14,24,1
10,14,25,1
10,14,26,1
10,14,27,1
10,14,28,1
10,14,29,1
10,14,30,1
10,14,31,1
10,14,32,1
10,14,33,1
10,14,34,1
10,14,35,1
10,14,36,1
10,14,37,1
10,14,38,1
10,14,39,1
10,14,40,1
10,14,41,1
10,14,42,1
10,14,43,1
10,14,44,1
10,14,45,1
10,14,46,1
10,14,47,1
10,14,48,1
10,14,49,1
10,15,0,1
10,15,1,1
10,15,2,1
10,15,3,1
10,15,4,1
10,15,5,1
10,15,6,1
10,15,7,1
10,15,8,1
10,15,9,1
10,15,20,1
10,15,21,1
10,15,22,1
10,15,23,1
10,15,24,1
10,15,25,1
10,15,26,1
10,15,27,1
10,15,28,1
10,15,29,1
10,15,30,1
10,15,31,1
10,15,32,1
10,15,33,1
10,15,34,1
10,15,35,1
10,15,36,1
10,15,37,1
10,15,38,1
10,15,39,1
10,15,40,1
10,15,41,1
10,15,42,1
10,15,43,1
10,15,44,1
10,15,45,1
10,15,46,1
10,15,47,1
10,15,48,1
10,15,49,1
10,16,0,1
10,16,1,1
10,16,2,1
10,16,3,1
10,16,4,1
10,16,5,1
10,16,6,1
10,16,7,1
10,16,8,1
10,16,9,1
10,16,20,1
10,16,21,1
10,16,22,1
10,16,23,1
10,16,24,1
10,16,25,1
10,16,26,1
10,16,27,1
10,16,28,1
10,16,29,1
10,16,30,1
10,16,31,1
10,16,32,1
10,16,33,1
10,16,34,1
10,16,35,1
10,16,36,1
10,16,37,1
10,16,38,1
10,16,39,1
10,16,40,1
10,16,41,1
10,16,42,1
10,16,43,1
10,16,44,1
10,16,45,1
10,16,46,1
10,16,47,1
10,16,48,1
10,16,49,1
10,17,0,1
10,17,1,1
10,17,2,1
10,17,3,1
10,17,4,1
10,17,5,1
10,17,6,1
10,17,7,1
10,17,8,1
10,17,9,1
10,17,20,1
10,17,21,1
10,17,22,1
10,17,23,1
10,17,24,1
10,17,25,1
10,17,26,1
10,17,27,1
10,17,28,1
10,17,29,1
10,17,30,1
10,17,31,1
10,17,32,1
10,17,33,1
10,17,34,1
10,17,35,1
10,17,36,1
10,17,37,1
10,17,38,1
10,17,39,1
10,17,40,1
10,17,41,1
10,17,42,1
10,17,43,1
10,17,44,1
10,17,45,1
10,17,46,1
10,17,47,1
10,17,48,1
10,17,49,1
10,18,0,1
10,18,1,1
10,18,2,1
10,18,3,1
10,18,4,1
10,18,5,1
10,18,6,1
10,18,7,1
10,18,8,1
10,18,9,1
10,18,20,1
10,18,21,1
10,18,22,1
10,18,23,1
10,18,24,1
10,18,25,1
10,18,26,1
10,18,27,1
10,18,28,1
10,18,29,1
10,18,30,1
10,18,31,1
10,18,32,1
10,18,33,1
10,18,34,1
10,18,35,1
10,18,36,1
10,18,37,1
10,18,38,1
10,18,39,1
10,18,40,1
10,18,41,1
10,18,42,1
10,18,43,1
10,18,44,1
10,18,45,1
10,18,46,1
10,18,47,1
10,18,48,1
10,18,49,1
10,19,0,1
10,19,1,1
10,19,2,1
10,19,3,1
10,19,4,1
10,19,5,1
10,19,6,1
10,19,7,1
10,19,8,1
10,19,9,1
10,19,20,1
10,19,21,1
10,19,22,1
10,19,23,1
10,19,24,1
10,19,25,1
10,19,26,1
10,19,27,1
10,19,28,1
10,19,29,1
10,19,30,1
10,19,31,1
10,19,32,1
10,19,33,1
10,19,34,1
10,19,35,1
10,19,36,1
10,19,37,1
10,19,38,1
10,19,39,1
10,19,40,1
10,19,41,1
10,19,42,1
10,19,43,1
10,19,44,1
10,19,45,1
10,19,46,1
10,19,47,1
10,19,48,1
10,19,49,1
11,12,0,1
11,12,1,1
11,12,2,1
11,12,3,1
11,12,4,1
11,12,5,1
11,12,6,1
11,12,7,1
11,12,8,1
11,12,9,1
11,12,20,1
11,12,21,1
11,12,22,1
11,12,23,1
11,12,24,1
11,12,25,1
11,12,26,1
11,12,27,1
11,12,28,1
11,12,29,1
11,12,30,1
11,12,31,1
11,12,32,1
11,12,33,1
11,12,34,1
11,12,35,1
11,12,36,1
11,12,37,1
11,12,38,1
11,12,39,1
11,12,40,1
11,12,41,1
11,12,42,1
11,12,43,1
11,12,44,1
11,12,45,1
11,12,46,1
11,12,47,1
11,12,48,1
11,12,49,1
11,13,0,1
11,13,1,1
11,13,2,1
11,13,3,1
11,13,4,1
11,13,5,1
11,13,6,1
11,13,7,1
11,13,8,1
11,13,9,1
11,13,20,1
11,13,21,1
11,13,22,1
11,13,23,1
11,13,24,1
11,13,25,1
11,13,26,1
11,13,27,1
11,13,28,1
11,13,29,1
11,13,30,1
11,13,31,1
11,13,32,1
11,13,33,1
11,13,34,1
11,13,35,1
11,13,36,1
11,13,37,1
11,13,38,1
11,13,39,1
11,13,40,1
11,13,41,1
11,13,42,1
11,13,43,1
11,13,44,1
11,13,45,1
11,13,46,1
11,13,47,1
11,13,48,1
11,13,49,1
11,14,0,1
11,14,1,1
11,14,2,1
11,14,3,1
11,14,4,1
11,14,5,1
11,14,6,1
11,14,7,1
11,14,8,1
11,14,9,1
11,14,20,1
11,14,21,1
11,14,22,1
11,14,23,1
11,14,24,1
11,14,25,1
11,14,26,1
11,14,27,1
11,14,28,1
11,14,29,1
11,14,30,1
11,14,31,1
11,14,32,1
11,14,33,1
11,14,34,1
11,14,35,1
11,14,36,1
11,14,37,1
11,14,38,1
11,14,39,1
11,14,40,1
11,14,41,1
11,14,42,1
11,14,43,1
11,14,44,1
11,14,45,1
11,14,46,1
11,14,47,1
11,14,48,1
11,14,49,1
11,15,0,1
11,15,1,1
11,15,2,1
11,15,3,1
11,15,4,1
11,15,5,1
11,15,6,1
11,15,7,1
11,15,8,1
11,15,9,1
11,15,20,1
11,15,21,1
11,15,22,1
11,15,23,1
11,15,24,1
11,15,25,1
11,15,26,1
11,15,27,1
11,15,28,1
11,15,29,1
11,15,30,1
11,15,31,1
11,15,32,1
11,15,33,1
11,15,34,1
11,15,35,1
11,15,36,1
11,15,37,1
11,15,38,1
11,15,39,1
11,15,40,1
11,15,41,1
11,15,42,1
11,15,43,1
11,15,44,1
11,15,45,1
11,15,46,1
11,15,47,1
11,15,48,1
11,15,49,1
11,16,0,1
11,16,1,1
11,16,2,1
11,16,3,1
11,16,4,1
11,16,5,1
11,16,6,1
11,16,7,1
11,16,8,1
11,16,9,1
11,16,20,1
11,16,21,1
11,16,22,1
11,16,23,1
11,16,24,1
11,16,25,1
11,16,26,1
11,16,27,1
11,16,28,1
11,16,29,1
11,16,30,1
11,16,31,1
11,16,32,1
11,16,33,1
11,16,34,1
11,16,35,1
11,16,36,1
11,16,37,1
11,16,38,1
11,16,39,1
11,16,40,1
11,16,41,1
11,16,42,1
11,16,43,1
11,16,44,1
11,16,45,1
11,16,46,1
11,16,47,1
11,16,48,1
11,16,49,1
11,17,0,1
11,17,1,1
11,17,2,1
11,17,3,1
11,17,4,1
11,17,5,1
11,17,6,1
11,17,7,1
11,17,8,1
11,17,9,1
11,17,20,1
11,17,21,1
11,17,22,1
11,17,23,1
11,17,24,1
11,17,25,1
11,17,26,1
11,17,27,1
11,17,28,1
11,17,29,1
11,17,30,1
11,17,31,1
11,17,32,1
11,17,33,1
11,17,34,1
11,17,35,1
11,17,36,1
11,17,37,1
11,17,38,1
11,17,39,1
11,17,40,1
11,17,41,1
11,17,42,1
11,17,43,1
11,17,44,1
11,17,45,1
11,17,46,1
11,17,47,1
11,17,48,1
11,17,49,1
11,18,0,1
11,18,1,1
11,18,2,1
11,18,3,1
11,18,4,1
11,18,5,1
11,18,6,1
11,18,7,1
11,18,8,1
11,18,9,1
11,18,20,1
11,18,21,1
11,18,22,1
11,18,23,1
11,18,24,1
11,18,25,1
11,18,26,1
11,18,27,1
11,18,28,1
11,18,29,1
11,18,30,1
11,18,31,1
11,18,32,1
11,18,33,1
11,18,34,1
11,18,35,1
11,18,36,1
11,18,37,1
11,18,38,1
11,18,39,1
11,18,40,1
11,18,41,1
11,18,42,1
11,18,43,1
11,18,44,1
11,18,45,1
11,18,46,1
11,18,47,1
11,18,48,1
11,18,49,1
11,19,0,1
11,19,1,1
11,19,2,1
11,19,3,1
11,19,4,1
11,19,5,1
11,19,6,1
11,19,7,1
11,19,8,1
11,19,9,1
11,19,20,1
11,19,21,1
11,19,22,1
11,19,23,1
11,19,24,1
11,19,25,1
11,19,26,1
11,19,27,1
11,19,28,1
11,19,29,1
11,19,30,1
11,19,31,1
11,19,32,1
11,19,33,1
11,19,34,1
11,19,35,1
11,19,36,1
11,19,37,1
11,19,38,1
11,19,39,1
11,19,40,1
11,19,41,1
11,19,42,1
11,19,43,1
11,19,44,1
11,19,45,1
11,19,46,1
11,19,47,1
11,19,48,1
11,19,49,1
12,13,0,1
12,13,1,1
12,13,2,1
12,13,3,1
12,13,4,1
12,13,5,1
12,13,6,1
12,13,7,1
12,13,8,1
12,13,9,1
12,13,20,1
12,13,21,1
12,13,22,1
12,13,23,1
12,13,24,1
12,13,25,1
12,13,26,1
12,13,27,1
12,13,28,1
12,13,29,1
12,13,30,1
12,13,31,1
12,13,32,1
12,13,33,1
12,13,34,1
12,13,35,1
12,13,36,1
12,13,37,1
12,13,38,1
12,13,39,1
12,13,40,1
12,13,41,1
12,13,42,1
12,13,43,1
12,13,44,1
12,13,45,1
12,13,46,1
12,13,47,1
12,13,48,1
12,13,49,1
12,14,0,1
12,14,1,1
12,14,2,1
12,14,3,1
12,14,4,1
12,14,5,1
12,14,6,1
12,14,7,1
12,14,8,1
12,14,9,1
12,14,20,1
12,14,21,1
12,14,22,1
12,14,23,1
12,14,24,1
12,14,25,1
12,14,26,1
12,14,27,1
12,14,28,1
12,14,29,1
12,14,30,1
12,14,31,1
12,14,32,1
12,14,33,1
12,14,34,1
12,14,35,1
12,14,36,1
12,14,37,1
12,14,38,1
12,14,39,1
12,14,40,1
12,14,41,1
12,14,42,1
12,14,43,1
12,14,44,1
12,14,45,1
12,14,46,1
12,14,47,1
12,14,48,1
12,14,49,1
12,15,0,1
12,15,1,1
12,15,2,1
12,15,3,1
12,15,4,1
12,15,5,1
12,15,6,1
12,15,7,1
12,15,8,1
12,15,9,1
12,15,20,1
12,15,21,1
12,15,22,1
12,15,23,1
12,15,24,1
12,15,25,1
12,15,26,1
12,15,27,1
12,15,28,1
12,15,29,1
12,15,30,1
12,15,31,1
12,15,32,1
12,15,33,1
12,15,34,1
12,15,35,1
12,15,36,1
12,15,37,1
12,15,38,1
12,15,39,1
12,15,40,1
12,15,41,1
12,15,42,1
12,15,43,1
12,15,44,1
12,15,45,1
12,15,46,1
12,15,47,1
12,15,48,1
12,15,49,1
12,16,0,1
12,16,1,1
12,16,2,1
12,16,3,1
12,16,4,1
12,16,5,1
12,16,6,1
12,16,7,1
12,16,8,1
12,16,9,1
12,16,20,1
12,16,21,1
12,16,22,1
12,16,23,1
12,16,24,1
12,16,25,1
12,16,26,1
12,16,27,1
12,16,28,1
12,16,29,1
12,16,30,1
12,16,31,1
12,16,32,1
12,16,33,1
12,16,34,1
12,16,35,1
12,16,36,1
12,16,37,1
12,16,38,1
12,16,39,1
12,16,40,1
12,16,41,1
12,16,42,1
12,16,43,1
12,16,44,1
12,16,45,1
12,16,46,1
12,16,47,1
12,16,48,1
12,16,49,1
12,17,0,1
12,17,1,1
12,17,2,1
12,17,3,1
12,17,4,1
12,17,5,1
12,17,6,1
12,17,7,1
12,17,8,1
12,17,9,1
12,17,20,1
12,17,21,1
12,17,22,1
12,17,23,1
12,17,24,1
12,17,25,1
12,17,26,1
12,17,27,1
12,17,28,1
12,17,29,1
12,17,30,1
12,17,31,1
12,17,32,1
12,17,33,1
12,17,34,1
12,17,35,1
12,17,36,1
12,17,37,1
12,17,38,1
12,17,39,1
12,17,40,1
12,17,41,1
12,17,42,1
12,17,43,1
12,17,44,1
12,17,45,1
12,17,46,1
12,17,47,1
12,17,48,1
12,17,49,1
12,18,0,1
12,18,1,1
12,18,2,1
12,18,3,1
12,18,4,1
12,18,5,1
12,18,6,1
12,18,7,1
12,18,8,1
12,18,9,1
12,18,20,1
12,18,21,1
12,18,22,1
12,18,23,1
12,18,24,1
12,18,25,1
12,18,26,1
12,18,27,1
12,18,28,1
12,18,29,1
12,18,30,1
12,18,31,1
12,18,32,1
12,18,33,1
12,18,34,1
12,18,35,1
12,18,36,1
12,18,37,1
12,18,38,1
12,18,39,1
12,18,40,1
12,18,41,1
12,18,42,1
12,18,43,1
12,18,44,1
12,18,45,1
12,18,46,1
12,18,47,1
12,18,48,1
12,18,49,1
12,19,0,1
12,19,1,1
12,19,2,1
12,19,3,1
12,19,4,1
12,19,5,1
12,19,6,1
12,19,7,1
12,19,8,1
12,19,9,1
12,19,20,1
12,19,21,1
12,19,22,1
12,19,23,1
12,19,24,1
12,19,25,1
12,19,26,1
12,19,27,1
12,19,28,1
12,19,29,1
12,19,30,1
12,19,31,1
12,19,32,1
12,19,33,1
12,19,34,1
12,19,35,1
12,19,36,1
12,19,37,1
12,19,38,1
12,19,39,1
12,19,40,1
12,19,41,1
12,19,42,1
12,19,43,1
12,19,44,1
12,19,45,1
12,19,46,1
12,19,47,1
12,19,48,1
12,19,49,1
13,14,0,1
13,14,1,1
13,14,2,1
13,14,3,1
13,14,4,1
13,14,5,1
13,14,6,1
13,14,7,1
13,14,8,1
13,14,9,1
13,14,20,1
13,14,21,1
13,14,22,1
13,14,23,1
13,14,24,1
13,14,25,1
13,14,26,1
13,14,27,1
13,14,28,1
13,14,29,1
13,14,30,1
13,14,31,1
13,14,32,1
13,14,33,1
13,14,34,1
13,14,35,1
13,14,36,1
13,14,37,1
13,14,38,1
13,14,39,1
13,14,40,1
13,14,41,1
13,14,42,1
13,14,43,1
13,14,44,1
13,14,45,1
13,14,46,1
13,14,47,1
13,14,48,1
13,14,49,1
13,15,0,1
13,15,1,1
13,15,2,1
13,15,3,1
13,15,4,1
13,15,5,1
13,15,6,1
13,15,7,1
13,15,8,1
13,15,9,1
13,15,20,1
13,15,21,1
13,15,22,1
13,15,23,1
13,15,24,1
13,15,25,1
13,15,26,1
13,15,27,1
13,15,28,1
13,15,29,1
13,15,30,1
13,15,31,1
13,15,32,1
13,15,33,1
13,15,34,1
13,15,35,1
13,15,36,1
13,15,37,1
13,15,38,1
13,15,39,1
13,15,40,1
13,15,41,1
13,15,42,1
13,15,43,1
13,15,44,1
13,15,45,1
13,15,46,1
13,15,47,1
13,15,48,1
13,15,49,1
13,16,0,1
13,16,1,1
13,16,2,1
13,16,3,1
13,16,4,1
13,16,5,1
13,16,6,1
13,16,7,1
13,16,8,1
13,16,9,1
13,16,20,1
13,16,21,1
13,16,22,1
13,16,23,1
13,16,24,1
13,16,25,1
13,16,26,1
13,16,27,1
13,16,28,1
13,16,29,1
13,16,30,1
13,16,31,1
13,16,32,1
13,16,33,1
13,16,34,1
13,16,35,1
13,16,36,1
13,16,37,1
13,16,38,1
13,16,39,1
13,16,40,1
13,16,41,1
13,16,42,1
13,16,43,1
13,16,44,1
13,16,45,1
13,16,46,1
13,16,47,1
13,16,48,1
13,16,49,1
13,17,0,1
13,17,1,1
13,17,2,1
13,17,3,1
13,17,4,1
13,17,5,1
13,17,6,1
13,17,7,1
13,17,8,1
13,17,9,1
13,17,20,1
13,17,21,1
13,17,22,1
13,17,23,1
13,17,24,1
13,17,25,1
13,17,26,1
13,17,27,1
13,17,28,1
13,17,29,1
13,17,30,1
13,17,31,1
13,17,32,1
13,17,33,1
13,17,34,1
13,17,35,1
13,17,36,1
13,17,37,1
13,17,38,1
13,17,39,1
13,17,40,1
13,17,41,1
13,17,42,1
13,17,43,1
13,17,44,1
13,17,45,1
13,17,46,1
13,17,47,1
13,17,48,1
13,17,49,1
13,18,0,1
13,18,1,1
13,18,2,1
13,18,3,1
13,18,4,1
13,18,5,1
13,18,6,1
13,18,7,1
13,18,8,1
13,18,9,1
13,18,20,1
13,18,21,1
13,18,22,1
13,18,23,1
13,18,24,1
13,18,25,1
13,18,26,1
13,18,27,1
13,18,28,1
13,18,29,1
13,18,30,1
13,18,31,1
13,18,32,1
13,18,33,1
13,18,34,1
13,18,35,1
13,18,36,1
13,18,37,1
13,18,38,1
13,18,39,1
13,18,40,1
13,18,41,1
13,18,42,1
13,18,43,1
13,18,44,1
13,18,45,1
13,18,46,1
13,18,47,1
13,18,48,1
13,18,49,1
13,19,0,1
13,19,1,1
13,19,2,1
13,19,3,1
13,19,4,1
13,19,5,1
13,19,6,1
13,19,7,1
13,19,8,1
13,19,9,1
13,19,20,1
13,19,21,1
13,19,22,1
13,19,23,1
13,19,24,1
13,19,25,1
13,19,26,1
13,19,27,1
13,19,28,1
13,19,29,1
13,19,30,1
13,19,31,1
13,19,32,1
13,19,33,1
13,19,34,1
13,19,35,1
13,19,36,1
13,19,37,1
13,19,38,1
13,19,39,1
13,19,40,1
13,19,41,1
13,19,42,1
13,19,43,1
13,19,44,1
13,19,45,1
13,19,46,1
13,19,47,1
13,19,48,1
13,19,49,1
14,15,0,1
14,15,1,1
14,15,2,1
14,15,3,1
14,15,4,1
14,15,5,1
14,15,6,1
14,15,7,1
14,15,8,1
14,15,9,1
14,15,20,1
14,15,21,1
14,15,22,1
14,15,23,1
14,15,24,1
14,15,25,1
14,15,26,1
14,15,27,1
14,15,28,1
14,15,29,1
14,15,30,1
14,15,31,1
14,15,32,1
14,15,33,1
14,15,34,1
14,15,35,1
14,15,36,1
14,15,37,1
14,15,38,1
14,15,39,1
14,15,40,1
14,15,41,1
14,15,42,1
14,15,43,1
14,15,44,1
14,15,45,1
14,15,46,1
14,15,47,1
14,15,48,1
14,15,49,1
14,16,0,1
14,16,1,1
14,16,2,1
14,16,3,1
14,16,4,1
14,16,5,1
14,16,6,1
14,16,7,1
14,16,8,1
14,16,9,1
14,16,20,1
14,16,21,1
14,16,22,1
14,16,23,1
14,16,24,1
14,16,25,1
14,16,26,1
14,16,27,1
14,16,28,1
14,16,29,1
14,16,30,1
14,16,31,1
14,16,32,1
14,16,33,1
14,16,34,1
14,16,35,1
14,16,36,1
14,16,37,1
14,16,38,1
14,16,39,1
14,16,40,1
14,16,41,1
14,16,42,1
14,16,43,1
14,16,44,1
14,16,45,1
14,16,46,1
14,16,47,1
14,16,48,1
14,16,49,1
14,17,0,1
14,17,1,1
14,17,2,1
14,17,3,1
14,17,4,1
14,17,5,1
14,17,6,1
14,17,7,1
14,17,8,1
14,17,9,1
14,17,20,1
14,17,21,1
14,17,22,1
14,17,23,1
14,17,24,1
14,17,25,1
14,17,26,1
14,17,27,1
14,17,28,1
14,17,29,1
14,17,30,1
14,17,31,1
14,17,32,1
14,17,33,1
14,17,34,1
14,17,35,1
14,17,36,1
14,17,37,1
14,17,38,1
14,17,39,1
14,17,40,1
14,17,41,1
14,17,42,1
14,17,43,1
14,17,44,1
14,17,45,1
14,17,46,1
14,17,47,1
14,17,48,1
14,17,49,1
14,18,0,1
14,18,1,1
14,18,2,1
14,18,3,1
14,18,4,1
14,18,5,1
14,18,6,1
14,18,7,1
14,18,8,1
14,18,9,1
14,18,20,1
14,18,21,1
14,18,22,1
14,18,23,1
14,18,24,1
14,18,25,1
14,18,26,1
14,18,27,1
14,18,28,1
14,18,29,1
14,18,30,1
14,18,31,1
14,18,32,1
14,18,33,1
14,18,34,1
14,18,35,1
14,18,36,1
14,18,37,1
14,18,38,1
14,18,39,1
14,18,40,1
14,18,41,1
14,18,42,1
14,18,43,1
14,18,44,1
14,18,45,1
14,18,46,1
14,18,47,1
14,18,48,1
14,18,49,1
14,19,0,1
14,19,1,1
14,19,2,1
14,19,3,1
14,19,4,1
14,19,5,1
14,19,6,1
14,19,7,1
14,19,8,1
14,19,9,1
14,19,20,1
14,19,21,1
14,19,22,1
14,19,23,1
14,19,24,1
14,19,25,1
14,19,26,1
14,19,27,1
14,19,28,1
14,19,29,1
14,19,30,1
14,19,31,1
14,19,32,1
14,19,33,1
14,19,34,1
14,19,35,1
14,19,36,1
14,19,37,1
14,19,38,1
14,19,39,1
14,19,40,1
14,19,41,1
14,19,42,1
14,19,43,1
14,19,44,1
14,19,45,1
14,19,46,1
14,19,47,1
14,19,48,1
14,19,49,1
15,16,0,1
15,16,1,1
15,16,2,1
15,16,3,1
15,16,4,1
15,16,5,1
15,16,6,1
15,16,7,1
15,16,8,1
15,16,9,1
15,16,20,1
15,16,21,1
15,16,22,1
15,16,23,1
15,16,24,1
15,16,25,1
15,16,26,1
15,16,27,1
15,16,28,1
15,16,29,1
15,16,30,1
15,16,31,1
15,16,32,1
15,16,33,1
15,16,34,1
15,16,35,1
15,16,36,1
15,16,37,1
15,16,38,1
15,16,39,1
15,16,40,1
15,16,41,1
15,16,42,1
15,16,43,1
15,16,44,1
15,16,45,1
15,16,46,1
15,16,47,1
15,16,48,1
15,16,49,1
15,17,0,1
15,17,1,1
15,17,2,1
15,17,3,1
15,17,4,1
15,17,5,1
15,17,6,1
15,17,7,1
15,17,8,1
15,17,9,1
15,17,20,1
15,17,21,1
15,17,22,1
15,17,23,1
15,17,24,1
15,17,25,1
15,17,26,1
15,17,27,1
15,17,28,1
15,17,29,1
15,17,30,1
15,17,31,1
15,17,32,1
15,17,33,1
15,17,34,1
15,17,35,1
15,17,36,1
15,17,37,1
15,17,38,1
15,17,39,1
15,17,40,1
15,17,41,1
15,17,42,1
15,17,43,1
15,17,44,1
15,17,45,1
15,17,46,1
15,17,47,1
15,17,48,1
15,17,49,1
15,18,0,1
15,18,1,1
15,18,2,1
15,18,3,1
15,18,4,1
15,18,5,1
15,18,6,1
15,18,7,1
15,18,8,1
15,18,9,1
15,18,20,1
15,18,21,1
15,18,22,1
15,18,23,1
15,18,24,1
15,18,25,1
15,18,26,1
15,18,27,1
15,18,28,1
15,18,29,1
15,18,30,1
15,18,31,1
15,18,32,1
15,18,33,1
15,18,34,1
15,18,35,1
15,18,36,1
15,18,37,1
15,18,38,1
15,18,39,1
15,18,40,1
15,18,41,1
15,18,42,1
15,18,43,1
15,18,44,1
15,18,45,1
15,18,46,1
15,18,47,1
15,18,48,1
15,18,49,1
15,19,0,1
15,19,1,1
15,19,2,1
15,19,3,1
15,19,4,1
15,19,5,1
15,19,6,1
15,19,7,1
15,19,8,1
15,19,9,1
15,19,20,1
15,19,21,1
15,19,22,1
15,19,23,1
15,19,24,1
15,19,25,1
15,19,26,1
15,19,27,1
15,19,28,1
15,19,29,1
15,19,30,1
15,19,31,1
15,19,32,1
15,19,33,1
15,19,34,1
15,19,35,1
15,19,36,1
15,19,37,1
15,19,38,1
15,19,39,1
15,19,40,1
15,19,41,1
15,19,42,1
15,19,43,1
15,19,44,1
15,19,45,1
15,19,46,1
15,19,47,1
15,19,48,1
15,19,49,1
16,17,0,1
16,17,1,1
16,17,2,1
16,17,3,1
16,17,4,1
16,17,5,1
16,17,6,1
16,17,7,1
16,17,8,1
16,17,9,1
16,17,20,1
16,17,21,1
16,17,22,1
16,17,23,1
16,17,24,1
16,17,25,1
16,17,26,1
16,17,27,1
16,17,28,1
16,17,29,1
16,17,30,1
16,17,31,1
16,17,32,1
16,17,33,1
16,17,34,1
16,17,35,1
16,17,36,1
16,17,37,1
16,17,38,1
16,17,39,1
16,17,40,1
16,17,41,1
16,17,42,1
16,17,43,1
16,17,44,1
16,17,45,1
16,17,46,1
16,17,47,1
16,17,48,1
16,17,49,1
16,18,0,1
16,18,1,1
16,18,2,1
16,18,3,1
16,18,4,1
16,18,5,1
16,18,6,1
16,18,7,1
16,18,8,1
16,18,9,1
16,18,20,1
16,18,21,1
16,18,22,1
16,18,23,1
16,18,24,1
16,18,25,1
16,18,26,1
16,18,27,1
16,18,28,1
16,18,29,1
16,18,30,1
16,18,31,1
16,18,32,1
16,18,33,1
16,18,34,1
16,18,35,1
16,18,36,1
16,18,37,1
16,18,38,1
16,18,39,1
16,18,40,1
16,18,41,1
16,18,42,1
16,18,43,1
16,18,44,1
16,18,45,1
16,18,46,1
16,18,47,1
16,18,48,1
16,18,49,1
16,19,0,1
16,19,1,1
16,19,2,1
16,19,3,1
16,19,4,1
16,19,5,1
16,19,6,1
16,19,7,1
16,19,8,1
16,19,9,1
16,19,20,1
16,19,21,1
16,19,22,1
16,19,23,1
16,19,24,1
16,19,25,1
16,19,26,1
16,19,27,1
16,19,28,1
16,19,29,1
16,19,30,1
16,19,31,1
16,19,32,1
16,19,33,1
16,19,34,1
16,19,35,1
16,19,36,1
16,19,37,1
16,19,38,1
16,19,39,1
16,19,40,1
16,19,41,1
16,19,42,1
16,19,43,1
16,19,44,1
16,19,45,1
16,19,46,1
16,19,47,1
16,19,48,1
16,19,49,1
17,18,0,1
17,18,1,1
17,18,2,1
17,18,3,1
17,18,4,1
17,18,5,1
17,18,6,1
17,18,7,1
17,18,8,1
17,18,9,1
17,18,20,1
17,18,21,1
17,18,22,1
17,18,23,1
17,18,24,1
17,18,25,1
17,18,26,1
17,18,27,1
17,18,28,1
17,18,29,1
17,18,30,1
17,18,31,1
17,18,32,1
17,18,33,1
17,18,34,1
17,18,35,1
17,18,36,1
17,18,37,1
17,18,38,1
17,18,39,1
17,18,40,1
17,18,41,1
17,18,42,1
17,18,43,1
17,18,44,1
17,18,45,1
17,18,46,1
17,18,47,1
17,18,48,1
17,18,49,1
17,19,0,1
17,19,1,1
17,19,2,1
17,19,3,1
17,19,4,1
17,19,5,1
17,19,6,1
17,19,7,1
17,19,8,1
17,19,9,1
17,19,20,1
17,19,21,1
17,19,22,1
17,19,23,1
17,19,24,1
17,19,25,1
17,19,26,1
17,19,27,1
17,19,28,1
17,19,29,1
17,19,30,1
17,19,31,1
17,19,32,1
17,19,33,1
17,19,34,1
17,19,35,1
17,19,36,1
17,19,37,1
17,19,38,1
17,19,39,1
17,19,40,1
17,19,41,1
17,19,42,1
17,19,43,1
17,19,44,1
17,19,45,1
17,19,46,1
17,19,47,1
17,19,48,1
17,19,49,1
18,19,0,1
18,19,1,1
18,19,2,1
18,19,3,1
18,19,4,1
18,19,5,1
18,19,6,1
18,19,7,1
18,19,8,1
18,19,9,1
18,19,20,1
18,19,21,1
18,19,22,1
18,19,23,1
18,19,24,1
18,19,25,1
18,19,26,1
18,19,27,1
18,19,28,1
18,19,29,1
18,19,30,1
18,19,31,1
18,19,32,1
18,19,33,1
18,19,34,1
18,19,35,1
18,19,36,1
18,19,37,1
18,19,38,1
18,19,39,1
18,19,40,1
18,19,41,1
18,19,42,1
18,19,43,1
18,19,44,1
18,19,45,1
18,19,46,1
18,19,47,1
18,19,48,1
18,19,49,1
20,21,0,1
20,21,1,1
20,21,2,1
20,21,3,1
20,21,4,1
20,21,5,1
20,21,6,1
20,21,7,1
20,21,8,1
20,21,9,1
20,21,10,1
20,21,11,1
20,21,12,1
20,21,13,1
20,21,14,1
20,21,15,1
20,21,16,1
20,21,17,1
20,21,18,1
20,21,19,1
20,21,30,1
20,21,31,1
20,21,32,1
20,21,33,1
20,21,34,1
20,21,35,1
20,21,36,1
20,21,37,1
20,21,38,1
20,21,39,1
20,21,40,1
20,21,41,1
20,21,42,1
20,21,43,1
20,21,44,1
20,21,45,1
20,21,46,1
20,21,47,1
20,21,48,1
20,21,49,1
20,22,0,1
20,22,1,1
20,22,2,1
20,22,3,1
20,22,4,1
20,22,5,1
20,22,6,1
20,22,7,1
20,22,8,1
20,22,9,1
20,22,10,1
20,22,11,1
20,22,12,1
20,22,13,1
20,22,14,1
20,22,15,1
20,22,16,1
20,22,17,1
20,22,18,1
20,22,19,1
20,22,30,1
20,22,31,1
20,22,32,1
20,22,33,1
20,22,34,1
20,22,35,1
20,22,36,1
20,22,37,1
20,22,38,1
20,22,39,1
20,22,40,1
20,22,41,1
20,22,42,1
20,22,43,1
20,22,44,1
20,22,45,1
20,22,46,1
20,22,47,1
20,22,48,1
20,22,49,1
20,23,0,1
20,23,1,1
20,23,2,1
20,23,3,1
20,23,4,1
20,23,5,1
20,23,6,1
20,23,7,1
20,23,8,1
20,23,9,1
20,23,10,1
20,23,11,1
20,23,12,1
20,23,13,1
20,23,14,1
20,23,15,1
20,23,16,1
20,23,17,1
20,23,18,1
20,23,19,1
20,23,30,1
20,23,31,1
20,23,32,1
20,23,33,1
20,23,34,1
20,23,35,1
20,23,36,1
20,23,37,1
20,23,38,1
20,23,39,1
20,23,40,1
20,23,41,1
20,23,42,1
20,23,43,1
20,23,44,1
20,23,45,1
20,23,46,1
20,23,47,1
20,23,48,1
20,23,49,1
20,24,0,1
20,24,1,1
20,24,2,1
20,24,3,1
20,24,4,1
20,24,5,1
20,24,6,1
20,24,7,1
20,24,8,1
20,24,9,1
20,24,10,1
20,24,11,1
20,24,12,1
20,24,13,1
20,24,14,1
20,24,15,1
20,24,16,1
20,24,17,1
20,24,18,1
20,24,19,1
20,24,30,1
20,24,31,1
20,24,32,1
20,24,33,1
20,24,34,1
20,24,35,1
20,24,36,1
20,24,37,1
20,24,38,1
20,24,39,1
20,24,40,1
20,24,41,1
20,24,42,1
20,24,43,1
20,24,44,1
20,24,45,1
20,24,46,1
20,24,47,1
20,24,48,1
20,24,49,1
20,25,0,1
20,25,1,1
20,25,2,1
20,25,3,1
20,25,4,1
20,25,5,1
20,25,6,1
20,25,7,1
20,25,8,1
20,25,9,1
20,25,10,1
20,25,11,1
20,25,12,1
20,25,13,1
20,25,14,1
20,25,15,1
20,25,16,1
20,25,17,1
20,25,18,1
20,25,19,1
20,25,30,1
20,25,31,1
20,25,32,1
20,25,33,1
20,25,34,1
20,25,35,1
20,25,36,1
20,25,37,1
20,25,38,1
20,25,39,1
20,25,40,1
20,25,41,1
20,25,42,1
20,25,43,1
20,25,44,1
20,25,45,1
20,25,46,1
20,25,47,1
20,25,48,1
20,25,49,1
20,26,0,1
20,26,1,1
20,26,2,1
20,26,3,1
20,26,4,1
20,26,5,1
20,26,6,1
20,26,7,1
20,26,8,1
20,26,9,1
20,26,10,1
20,26,11,1
20,26,12,1
20,26,13,1
20,26,14,1
20,26,15,1
20,26,16,1
20,26,17,1
20,26,18,1
20,26,19,1
20,26,30,1
20,26,31,1
20,26,32,1
20,26,33,1
20,26,34,1
20,26,35,1
20,26,36,1
20,26,37,1
20,26,38,1
20,26,39,1
20,26,40,1
20,26,41,1
20,26,42,1
20,26,43,1
20,26,44,1
20,26,45,1
20,26,46,1
20,26,47,1
20,26,48,1
20,26,49,1
20,27,0,1
20,27,1,1
20,27,2,1
20,27,3,1
20,27,4,1
20,27,5,1
20,27,6,1
20,27,7,1
20,27,8,1
20,27,9,1
20,27,10,1
20,27,11,1
20,27,12,1
20,27,13,1
20,27,14,1
20,27,15,1
20,27,16,1
20,27,17,1
20,27,18,1
20,27,19,1
20,27,30,1
20,27,31,1
20,27,32,1
20,27,33,1
20,27,34,1
20,27,35,1
20,27,36,1
20,27,37,1
20,27,38,1
20,27,39,1
20,27,40,1
20,27,41,1
20,27,42,1
20,27,43,1
20,27,44,1
20,27,45,1
20,27,46,1
20,27,47,1
20,27,48,1
20,27,49,1
20,28,0,1
20,28,1,1
20,28,2,1
20,28,3,1
20,28,4,1
20,28,5,1
20,28,6,1
20,28,7,1
20,28,8,1
20,28,9,1
20,28,10,1
20,28,11,1
20,28,12,1
20,28,13,1
20,28,14,1
20,28,15,1
20,28,16,1
20,28,17,1
20,28,18,1
20,28,19,1
20,28,30,1
20,28,31,1
20,28,32,1
20,28,33,1
20,28,34,1
20,28,35,1
20,28,36,1
20,28,37,1
20,28,38,1
20,28,39,1
20,28,40,1
20,28,41,1
20,28,42,1
20,28,43,1
20,28,44,1
20,28,45,1
20,28,46,1
20,28,47,1
20,28,48,1
20,28,49,1
20,29,0,1
20,29,1,1
20,29,2,1
20,29,3,1
20,29,4,1
20,29,5,1
20,29,6,1
20,29,7,1
20,29,8,1
20,29,9,1
20,29,10,1
20,29,11,1
20,29,12,1
20,29,13,1
20,29,14,1
20,29,15,1
20,29,16,1
20,29,17,1
20,29,18,1
20,29,19,1
20,29,30,1
20,29,31,1
20,29,32,1
20,29,33,1
20,29,34,1
20,29,35,1
20,29,36,1
20,29,37,1
20,29,38,1
20,29,39,1
20,29,40,1
20,29,41,1
20,29,42,1
20,29,43,1
20,29,44,1
20,29,45,1
20,29,46,1
20,29,47,1
20,29,48,1
20,29,49,1
21,22,0,1
21,22,1,1
21,22,2,1
21,22,3,1
21,22,4,1
21,22,5,1
21,22,6,1
21,22,7,1
21,22,8,1
21,22,9,1
21,22,10,1
21,22,11,1
21,22,12,1
21,22,13,1
21,22,14,1
21,22,15,1
21,22,16,1
21,22,17,1
21,22,18,1
21,22,19,1
21,22,30,1
21,22,31,1
21,22,32,1
21,22,33,1
21,22,34,1
21,22,35,1
21,22,36,1
21,22,37,1
21,22,38,1
21,22,39,1
21,22,40,1
21,22,41,1
21,22,42,1
21,22,43,1
21,22,44,1
21,22,45,1
21,22,46,1
21,22,47,1
21,22,48,1
21,22,49,1
21,23,0,1
21,23,1,1
21,23,2,1
21,23,3,1
21,23,4,1
21,23,5,1
21,23,6,1
21,23,7,1
21,23,8,1
21,23,9,1
21,23,10,1
21,23,11,1
21,23,12,1
21,23,13,1
21,23,14,1
21,23,15,1
21,23,16,1
21,23,17,1
21,23,18,1
21,23,19,1
21,23,30,1
21,23,31,1
21,23,32,1
21,23,33,1
21,23,34,1
21,23,35,1
21,23,36,1
21,23,37,1
21,23,38,1
21,23,39,1
21,23,40,1
21,23,41,1
21,23,42,1
21,23,43,1
21,23,44,1
21,23,45,1
21,23,46,1
21,23,47,1
21,23,48,1
21,23,49,1
21,24,0,1
21,24,1,1
21,24,2,1
21,24,3,1
21,24,4,1
21,24,5,1
21,24,6,1
21,24,7,1
21,24,8,1
21,24,9,1
21,24,10,1
21,24,11,1
21,24,12,1
21,24,13,1
21,24,14,1
21,24,15,1
21,24,16,1
21,24,17,1
21,24,18,1
21,24,19,1
21,24,30,1
21,24,31,1
21,24,32,1
21,24,33,1
21,24,34,1
21,24,35,1
21,24,36,1
21,24,37,1
21,24,38,1
21,24,39,1
21,24,40,1
21,24,41,1
21,24,42,1
21,24,43,1
21,24,44,1
21,24,45,1
21,24,46,1
21,24,47,1
21,24,48,1
21,24,49,1
21,25,0,1
21,25,1,1
21,25,2,1
21,25,3,1
21,25,4,1
21,25,5,1
21,25,6,1
21,25,7,1
21,25,8,1
21,25,9,1
21,25,10,1
21,25,11,1
21,25,12,1
21,25,13,1
21,25,14,1
21,25,15,1
21,25,16,1
21,25,17,1
21,25,18,1
21,25,19,1
21,25,30,1
21,25,31,1
21,25,32,1
21,25,33,1
21,25,34,1
21,25,35,1
21,25,36,1
21,25,37,1
21,25,38,1
21,25,39,1
21,25,40,1
21,25,41,1
21,25,42,1
21,25,43,1
21,25,44,1
21,25,45,1
21,25,46,1
21,25,47,1
21,25,48,1
21,25,49,1
21,26,0,1
21,26,1,1
21,26,2,1
21,26,3,1
21,26,4,1
21,26,5,1
21,26,6,1
21,26,7,1
21,26,8,1
21,26,9,1
21,26,10,1
21,26,11,1
21,26,12,1
21,26,13,1
21,26,14,1
21,26,15,1
21,26,16,1
21,26,17,1
21,26,18,1
21,26,19,1
21,26,30,1
21,26,31,1
21,26,32,1
21,26,33,1
21,26,34,1
21,26,35,1
21,26,36,1
21,26,37,1
21,26,38,1
21,26,39,1
21,26,40,1
21,26,41,1
21,26,42,1
21,26,43,1
21,26,44,1
21,26,45,1
21,26,46,1
21,26,47,1
21,26,48,1
21,26,49,1
21,27,0,1
21,27,1,1
21,27,2,1
21,27,3,1
21,27,4,1
21,27,5,1
21,27,6,1
21,27,7,1
21,27,8,1
21,27,9,1
21,27,10,1
21,27,11,1
21,27,12,1
21,27,13,1
21,27,14,1
21,27,15,1
21,27,16,1
21,27,17,1
21,27,18,1
21,27,19,1
21,27,30,1
21,27,31,1
21,27,32,1
21,27,33,1
21,27,34,1
21,27,35,1
21,27,36,1
21,27,37,1
21,27,38,1
21,27,39,1
21,27,40,1
21,27,41,1
21,27,42,1
21,27,43,1
21,27,44,1
21,27,45,1
21,27,46,1
21,27,47,1
21,27,48,1
21,27,49,1
21,28,0,1
21,28,1,1
21,28,2,1
21,28,3,1
21,28,4,1
21,28,5,1
21,28,6,1
21,28,7,1
21,28,8,1
21,28,9,1
21,28,10,1
21,28,11,1
21,28,12,1
21,28,13,1
21,28,14,1
21,28,15,1
21,28,16,1
21,28,17,1
21,28,18,1
21,28,19,1
21,28,30,1
21,28,31,1
21,28,32,1
21,28,33,1
21,28,34,1
21,28,35,1
21,28,36,1
21,28,37,1
21,28,38,1
21,28,39,1
21,28,40,1
21,28,41,1
21,28,42,1
21,28,43,1
21,28,44,1
21,28,45,1
21,28,46,1
21,28,47,1
21,28,48,1
21,28,49,1
21,29,0,1
21,29,1,1
21,29,2,1
21,29,3,1
21,29,4,1
21,29,5,1
21,29,6,1
21,29,7,1
21,29,8,1
21,29,9,1
21,29,10,1
21,29,11,1
21,29,12,1
21,29,13,1
21,29,14,1
21,29,15,1
21,29,16,1
21,29,17,1
21,29,18,1
21,29,19,1
21,29,30,1
21,29,31,1
21,29,32,1
21,29,33,1
21,29,34,1
21,29,35,1
21,29,36,1
21,29,37,1
21,29,38,1
21,29,39,1
21,29,40,1
21,29,41,1
21,29,42,1
21,29,43,1
21,29,44,1
21,29,45,1
21,29,46,1
21,29,47,1
21,29,48,1
21,29,49,1
22,23,0,1
22,23,1,1
22,23,2,1
22,23,3,1
22,23,4,1
22,23,5,1
22,23,6,1
22,23,7,1
22,23,8,1
22,23,9,1
22,23,10,1
22,23,11,1
22,23,12,1
22,23,13,1
22,23,14,1
22,23,15,1
22,23,16,1
22,23,17,1
22,23,18,1
22,23,19,1
22,23,30,1
22,23,31,1
22,23,32,1
22,23,33,1
22,23,34,1
22,23,35,1
22,23,36,1
22,23,37,1
22,23,38,1
22,23,39,1
22,23,40,1
22,23,41,1
22,23,42,1
22,23,43,1
22,23,44,1
22,23,45,1
22,23,46,1
22,23,47,1
22,23,48,1
22,23,49,1
22,24,0,1
22,24,1,1
22,24,2,1
22,24,3,1
22,24,4,1
22,24,5,1
22,24,6,1
22,24,7,1
22,24,8,1
22,24,9,1
22,24,10,1
22,24,11,1
22,24,12,1
22,24,13,1
22,24,14,1
22,24,15,1
22,24,16,1
22,24,17,1
22,24,18,1
22,24,19,1
22,24,30,1
22,24,31,1
22,24,32,1
22,24,33,1
22,24,34,1
22,24,35,1
22,24,36,1
22,24,37,1
22,24,38,1
22,24,39,1
22,24,40,1
22,24,41,1
22,24,42,1
22,24,43,1
22,24,44,1
22,24,45,1
22,24,46,1
22,24,47,1
22,24,48,1
22,24,49,1
22,25,0,1
22,25,1,1
22,25,2,1
22,25,3,1
22,25,4,1
22,25,5,1
22,25,6,1
22,25,7,1
22,25,8,1
22,25,9,1
22,25,10,1
22,25,11,1
22,25,12,1
22,25,13,1
22,25,14,1
22,25,15,1
22,25,16,1
22,25,17,1
22,25,18,1
22,25,19,1
22,25,30,1
22,25,31,1
22,25,32,1
22,25,33,1
22,25,34,1
22,25,35,1
22,25,36,1
22,25,37,1
22,25,38,1
22,25,39,1
22,25,40,1
22,25,41,1
22,25,42,1
22,25,43,1
22,25,44,1
22,25,45,1
22,25,46,1
22,25,47,1
22,25,48,1
22,25,49,1
22,26,0,1
22,26,1,1
22,26,2,1
22,26,3,1
22,26,4,1
22,26,5,1
22,26,6,1
22,26,7,1
22,26,8,1
22,26,9,1
22,26,10,1
22,26,11,1
22,26,12,1
22,26,13,1
22,26,14,1
22,26,15,1
22,26,16,1
22,26,17,1
22,26,18,1
22,26,19,1
22,26,30,1
22,26,31,1
22,26,32,1
22,26,33,1
22,26,34,1
22,26,35,1
22,26,36,1
22,26,37,1
22,26,38,1
22,26,39,1
22,26,40,1
22,26,41,1
22,26,42,1
22,26,43,1
22,26,44,1
22,26,45,1
22,26,46,1
22,26,47,1
22,26,48,1
22,26,49,1
22,27,0,1
22,27,1,1
22,27,2,1
22,27,3,1
22,27,4,1
22,27,5,1
22,27,6,1
22,27,7,1
22,27,8,1
22,27,9,1
22,27,10,1
22,27,11,1
22,27,12,1
22,27,13,1
22,27,14,1
22,27,15,1
22,27,16,1
22,27,17,1
22,27,18,1
22,27,19,1
22,27,30,1
22,27,31,1
22,27,32,1
22,27,33,1
22,27,34,1
22,27,35,1
22,27,36,1
22,27,37,1
22,27,38,1
22,27,39,1
22,27,40,1
22,27,41,1
22,27,42,1
22,27,43,1
22,27,44,1
22,27,45,1
22,27,46,1
22,27,47,1
22,27,48,1
22,27,49,1
22,28,0,1
22,28,1,1
22,28,2,1
22,28,3,1
22,28,4,1
22,28,5,1
22,28,6,1
22,28,7,1
22,28,8,1
22,28,9,1
22,28,10,1
22,28,11,1
22,28,12,1
22,28,13,1
22,28,14,1
22,28,15,1
22,28,16,1
22,28,17,1
22,28,18,1
22,28,19,1
22,28,30,1
22,28,31,1
22,28,32,1
22,28,33,1
22,28,34,1
22,28,35,1
22,28,36,1
22,28,37,1
22,28,38,1
22,28,39,1
22,28,40,1
22,28,41,1
22,28,42,1
22,28,43,1
22,28,44,1
22,28,45,1
22,28,46,1
22,28,47,1
22,28,48,1
22,28,49,1
22,29,0,1
22,29,1,1
22,29,2,1
22,29,3,1
22,29,4,1
22,29,5,1
22,29,6,1
22,29,7,1
22,29,8,1
22,29,9,1
22,29,10,1
22,29,11,1
22,29,12,1
22,29,13,1
22,29,14,1
22,29,15,1
22,29,16,1
22,29,17,1
22,29,18,1
22,29,19,1
22,29,30,1
22,29,31,1
22,29,32,1
22,29,33,1
22,29,34,1
22,29,35,1
22,29,36,1
22,29,37,1
22,29,38,1
22,29,39,1
22,29,40,1
22,29,41,1
22,29,42,1
22,29,43,1
22,29,44,1
22,29,45,1
22,29,46,1
22,29,47,1
22,29,48,1
22,29,49,1
23,24,0,1
23,24,1,1
23,24,2,1
23,24,3,1
23,24,4,1
23,24,5,1
23,24,6,1
23,24,7,1
23,24,8,1
23,24,9,1
23,24,10,1
23,24,11,1
23,24,12,1
23,24,13,1
23,24,14,1
23,24,15,1
23,24,16,1
23,24,17,1
23,24,18,1
23,24,19,1
23,24,30,1
23,24,31,1
23,24,32,1
23,24,33,1
23,24,34,1
23,24,35,1
23,24,36,1
23,24,37,1
23,24,38,1
23,24,39,1
23,24,40,1
23,24,41,1
23,24,42,1
23,24,43,1
23,24,44,1
23,24,45,1
23,24,46,1
23,24,47,1
23,24,48,1
23,24,49,1
23,25,0,1
23,25,1,1
23,25,2,1
23,25,3,1
23,25,4,1
23,25,5,1
23,25,6,1
23,25,7,1
23,25,8,1
23,25,9,1
23,25,10,1
23,25,11,1
23,25,12,1
23,25,13,1
23,25,14,1
23,25,15,1
23,25,16,1
23,25,17,1
23,25,18,1
23,25,19,1
23,25,30,1
23,25,31,1
23,25,32,1
23,25,33,1
23,25,34,1
23,25,35,1
23,25,36,1
23,25,37,1
23,25,38,1
23,25,39,1
23,25,40,1
23,25,41,1
23,25,42,1
23,25,43,1
23,25,44,1
23,25,45,1
23,25,46,1
23,25,47,1
23,25,48,1
23,25,49,1
23,26,0,1
23,26,1,1
23,26,2,1
23,26,3,1
23,26,4,1
23,26,5,1
23,26,6,1
23,26,7,1
23,26,8,1
23,26,9,1
23,26,10,1
23,26,11,1
23,26,12,1
23,26,13,1
23,26,14,1
23,26,15,1
23,26,16,1
23,26,17,1
23,26,18,1
23,26,19,1
23,26,30,1
23,26,31,1
23,26,32,1
23,26,33,1
23,26,34,1
23,26,35,1
23,26,36,1
23,26,37,1
23,26,38,1
23,26,39,1
23,26,40,1
23,26,41,1
23,26,42,1
23,26,43,1
23,26,44,1
23,26,45,1
23,26,46,1
23,26,47,1
23,26,48,1
23,26,49,1
23,27,0,1
23,27,1,1
23,27,2,1
23,27,3,1
23,27,4,1
23,27,5,1
23,27,6,1
23,27,7,1
23,27,8,1
23,27,9,1
23,27,10,1
23,27,11,1
23,27,12,1
23,27,13,1
23,27,14,1
23,27,15,1
23,27,16,1
23,27,17,1
23,27,18,1
23,27,19,1
23,27,30,1
23,27,31,1
23,27,32,1
23,27,33,1
23,27,34,1
23,27,35,1
23,27,36,1
23,27,37,1
23,27,38,1
23,27,39,1
23,27,40,1
23,27,41,1
23,27,42,1
23,27,43,1
23,27,44,1
23,27,45,1
23,27,46,1
23,27,47,1
23,27,48,1
23,27,49,1
23,28,0,1
23,28,1,1
23,28,2,1
23,28,3,1
23,28,4,1
23,28,5,1
23,28,6,1
23,28,7,1
23,28,8,1
23,28,9,1
23,28,10,1
23,28,11,1
23,28,12,1
23,28,13,1
23,28,14,1
23,28,15,1
23,28,16,1
23,28,17,1
23,28,18,1
23,28,19,1
23,28,30,1
23,28,31,1
23,28,32,1
23,28,33,1
23,28,34,1
23,28,35,1
23,28,36,1
23,28,37,1
23,28,38,1
23,28,39,1
23,28,40,1
23,28,41,1
23,28,42,1
23,28,43,1
23,28,44,1
23,28,45,1
23,28,46,1
23,28,47,1
23,28,48,1
23,28,49,1
23,29,0,1
23,29,1,1
23,29,2,1
23,29,3,1
23,29,4,1
23,29,5,1
23,29,6,1
23,29,7,1
23,29,8,1
23,29,9,1
23,29,10,1
23,29,11,1
23,29,12,1
23,29,13,1
23,29,14,1
23,29,15,1
23,29,16,1
23,29,17,1
23,29,18,1
23,29,19,1
23,29,30,1
23,29,31,1
23,29,32,1
23,29,33,1
23,29,34,1
23,29,35,1
23,29,36,1
23,29,37,1
23,29,38,1
23,29,39,1
23,29,40,1
23,29,41,1
23,29,42,1
23,29,43,1
23,29,44,1
23,29,45,1
23,29,46,1
23,29,47,1
23,29,48,1
23,29,49,1
24,25,0,1
24,25,1,1
24,25,2,1
24,25,3,1
24,25,4,1
24,25,5,1
24,25,6,1
24,25,7,1
24,25,8,1
24,25,9,1
24,25,10,1
24,25,11,1
24,25,12,1
24,25,13,1
24,25,14,1
24,25,15,1
24,25,16,1
24,25,17,1
24,25,18,1
24,25,19,1
24,25,30,1
24,25,31,1
24,25,32,1
24,25,33,1
24,25,34,1
24,25,35,1
24,25,36,1
24,25,37,1
24,25,38,1
24,25,39,1
24,25,40,1
24,25,41,1
24,25,42,1
24,25,43,1
24,25,44,1
24,25,45,1
24,25,46,1
24,25,47,1
24,25,48,1
24,25,49,1
24,26,0,1
24,26,1,1
24,26,2,1
24,26,3,1
24,26,4,1
24,26,5,1
24,26,6,1
24,26,7,1
24,26,8,1
24,26,9,1
24,26,10,1
24,26,11,1
24,26,12,1
24,26,13,1
24,26,14,1
24,26,15,1
24,26,16,1
24,26,17,1
24,26,18,1
24,26,19,1
24,26,30,1
24,26,31,1
24,26,32,1
24,26,33,1
24,26,34,1
24,26,35,1
24,26,36,1
24,26,37,1
24,26,38,1
24,26,39,1
24,26,40,1
24,26,41,1
24,26,42,1
24,26,43,1
24,26,44,1
24,26,45,1
24,26,46,1
24,26,47,1
24,26,48,1
24,26,49,1
24,27,0,1
24,27,1,1
24,27,2,1
24,27,3,1
24,27,4,1
24,27,5,1
24,27,6,1
24,27,7,1
24,27,8,1
24,27,9,1
24,27,10,1
24,27,11,1
24,27,12,1
24,27,13,1
24,27,14,1
24,27,15,1
24,27,16,1
24,27,17,1
24,27,18,1
24,27,19,1
24,27,30,1
24,27,31,1
24,27,32,1
24,27,33,1
24,27,34,1
24,27,35,1
24,27,36,1
24,27,37,1
24,27,38,1
24,27,39,1
24,27,40,1
24,27,41,1
24,27,42,1
24,27,43,1
24,27,44,1
24,27,45,1
24,27,46,1
24,27,47,1
24,27,48,1
24,27,49,1
24,28,0,1
24,28,1,1
24,28,2,1
24,28,3,1
24,28,4,1
24,28,5,1
24,28,6,1
24,28,7,1
24,28,8,1
24,28,9,1
24,28,10,1
24,28,11,1
24,28,12,1
24,28,13,1
24,28,14,1
24,28,15,1
24,28,16,1
24,28,17,1
24,28,18,1
24,28,19,1
24,28,30,1
24,28,31,1
24,28,32,1
24,28,33,1
24,28,34,1
24,28,35,1
24,28,36,1
24,28,37,1
24,28,38,1
24,28,39,1
24,28,40,1
24,28,41,1
24,28,42,1
24,28,43,1
24,28,44,1
24,28,45,1
24,28,46,1
24,28,47,1
24,28,48,1
24,28,49,1
24,29,0,1
24,29,1,1
24,29,2,1
24,29,3,1
24,29,4,1
24,29,5,1
24,29,6,1
24,29,7,1
24,29,8,1
24,29,9,1
24,29,10,1
24,29,11,1
24,29,12,1
24,29,13,1
24,29,14,1
24,29,15,1
24,29,16,1
24,29,17,1
24,29,18,1
24,29,19,1
24,29,30,1
24,29,31,1
24,29,32,1
24,29,33,1
24,29,34,1
24,29,35,1
24,29,36,1
24,29,37,1
24,29,38,1
24,29,39,1
24,29,40,1
24,29,41,1
24,29,42,1
24,29,43,1
24,29,44,1
24,29,45,1
24,29,46,1
24,29,47,1
24,29,48,1
24,29,49,1
25,26,0,1
25,26,1,1
25,26,2,1
25,26,3,1
25,26,4,1
25,26,5,1
25,26,6,1
25,26,7,1
25,26,8,1
25,26,9,1
25,26,10,1
25,26,11,1
25,26,12,1
25,26,13,1
25,26,14,1
25,26,15,1
25,26,16,1
25,26,17,1
25,26,18,1
25,26,19,1
25,26,30,1
25,26,31,1
25,26,32,1
25,26,33,1
25,26,34,1
25,26,35,1
25,26,36,1
25,26,37,1
25,26,38,1
25,26,39,1
25,26,40,1
25,26,41,1
25,26,42,1
25,26,43,1
25,26,44,1
25,26,45,1
25,26,46,1
25,26,47,1
25,26,48,1
25,26,49,1
25,27,0,1
25,27,1,1
25,27,2,1
25,27,3,1
25,27,4,1
25,27,5,1
25,27,6,1
25,27,7,1
25,27,8,1
25,27,9,1
25,27,10,1
25,27,11,1
25,27,12,1
25,27,13,1
25,27,14,1
25,27,15,1
25,27,16,1
25,27,17,1
25,27,18,1
25,27,19,1
25,27,30,1
25,27,31,1
25,27,32,1
25,27,33,1
25,27,34,1
25,27,35,1
25,27,36,1
25,27,37,1
25,27,38,1
25,27,39,1
25,27,40,1
25,27,41,1
25,27,42,1
25,27,43,1
25,27,44,1
25,27,45,1
25,27,46,1
25,27,47,1
25,27,48,1
25,27,49,1
25,28,0,1
25,28,1,1
25,28,2,1
25,28,3,1
25,28,4,1
25,28,5,1
25,28,6,1
25,28,7,1
25,28,8,1
25,28,9,1
25,28,10,1
25,28,11,1
25,28,12,1
25,28,13,1
25,28,14,1
25,28,15,1
25,28,16,1
25,28,17,1
25,28,18,1
25,28,19,1
25,28,30,1
25,28,31,1
25,28,32,1
25,28,33,1
25,28,34,1
25,28,35,1
25,28,36,1
25,28,37,1
25,28,38,1
25,28,39,1
25,28,40,1
25,28,41,1
25,28,42,1
25,28,43,1
25,28,44,1
25,28,45,1
25,28,46,1
25,28,47,1
25,28,48,1
25,28,49,1
25,29,0,1
25,29,1,1
25,29,2,1
25,29,3,1
25,29,4,1
25,29,5,1
25,29,6,1
25,29,7,1
25,29,8,1
25,29,9,1
25,29,10,1
25,29,11,1
25,29,12,1
25,29,13,1
25,29,14,1
25,29,15,1
25,29,16,1
25,29,17,1
25,29,18,1
25,29,19,1
25,29,30,1
25,29,31,1
25,29,32,1
25,29,33,1
25,29,34,1
25,29,35,1
25,29,36,1
25,29,37,1
25,29,38,1
25,29,39,1
25,29,40,1
25,29,41,1
25,29,42,1
25,29,43,1
25,29,44,1
25,29,45,1
25,29,46,1
25,29,47,1
25,29,48,1
25,29,49,1
26,27,0,1
26,27,1,1
26,27,2,1
26,27,3,1
26,27,4,1
26,27,5,1
26,27,6,1
26,27,7,1
26,27,8,1
26,27,9,1
26,27,10,1
26,27,11,1
26,27,12,1
26,27,13,1
26,27,14,1
26,27,15,1
26,27,16,1
26,27,17,1
26,27,18,1
26,27,19,1
26,27,30,1
26,27,31,1
26,27,32,1
26,27,33,1
26,27,34,1
26,27,35,1
26,27,36,1
26,27,37,1
26,27,38,1
26,27,39,1
26,27,40,1
26,27,41,1
26,27,42,1
26,27,43,1
26,27,44,1
26,27,45,1
26,27,46,1
26,27,47,1
26,27,48,1
26,27,49,1
26,28,0,1
26,28,1,1
26,28,2,1
26,28,3,1
26,28,4,1
26,28,5,1
26,28,6,1
26,28,7,1
26,28,8,1
26,28,9,1
26,28,10,1
26,28,11,1
26,28,12,1
26,28,13,1
26,28,14,1
26,28,15,1
26,28,16,1
26,28,17,1
26,28,18,1
26,28,19,1
26,28,30,1
26,28,31,1
26,28,32,1
26,28,33,1
26,28,34,1
26,28,35,1
26,28,36,1
26,28,37,1
26,28,38,1
26,28,39,1
26,28,40,1
26,28,41,1
26,28,42,1
26,28,43,1
26,28,44,1
26,28,45,1
26,28,46,1
26,28,47,1
26,28,48,1
26,28,49,1
26,29,0,1
26,29,1,1
26,29,2,1
26,29,3,1
26,29,4,1
26,29,5,1
26,29,6,1
26,29,7,1
26,29,8,1
26,29,9,1
26,29,10,1
26,29,11,1
26,29,12,1
26,29,13,1
26,29,14,1
26,29,15,1
26,29,16,1
26,29,17,1
26,29,18,1
26,29,19,1
26,29,30,1
26,29,31,1
26,29,32,1
26,29,33,1
26,29,34,1
26,29,35,1
26,29,36,1
26,29,37,1
26,29,38,1
26,29,39,1
26,29,40,1
26,29,41,1
26,29,42,1
26,29,43,1
26,29,44,1
26,29,45,1
26,29,46,1
26,29,47,1
26,29,48,1
26,29,49,1
27,28,0,1
27,28,1,1
27,28,2,1
27,28,3,1
27,28,4,1
27,28,5,1
27,28,6,1
27,28,7,1
27,28,8,1
27,28,9,1
27,28,10,1
27,28,11,1
27,28,12,1
27,28,13,1
27,28,14,1
27,28,15,1
27,28,16,1
27,28,17,1
27,28,18,1
27,28,19,1
27,28,30,1
27,28,31,1
27,28,32,1
27,28,33,1
27,28,34,1
27,28,35,1
27,28,36,1
27,28,37,1
27,28,38,1
27,28,39,1
27,28,40,1
27,28,41,1
27,28,42,1
27,28,43,1
27,28,44,1
27,28,45,1
27,28,46,1
27,28,47,1
27,28,48,1
27,28,49,1
27,29,0,1
27,29,1,1
27,29,2,1
27,29,3,1
27,29,4,1
27,29,5,1
27,29,6,1
27,29,7,1
27,29,8,1
27,29,9,1
27,29,10,1
27,29,11,1
27,29,12,1
27,29,13,1
27,29,14,1
27,29,15,1
27,29,16,1
27,29,17,1
27,29,18,1
27,29,19,1
27,29,30,1
27,29,31,1
27,29,32,1
27,29,33,1
27,29,34,1
27,29,35,1
27,29,36,1
27,29,37,1
27,29,38,1
27,29,39,1
27,29,40,1
27,29,41,1
27,29,42,1
27,29,43,1
27,29,44,1
27,29,45,1
27,29,46,1
27,29,47,1
27,29,48,1
27,29,49,1
28,29,0,1
28,29,1,1
28,29,2,1
28,29,3,1
28,29,4,1
28,29,5,1
28,29,6,1
28,29,7,1
28,29,8,1
28,29,9,1
28,29,10,1
28,29,11,1
28,29,12,1
28,29,13,1
28,29,14,1
28,29,15,1
28,29,16,1
28,29,17,1
28,29,18,1
28,29,19,1
28,29,30,1
28,29,31,1
28,29,32,1
28,29,33,1
28,29,34,1
28,29,35,1
28,29,36,1
28,29,37,1
28,29,38,1
28,29,39,1
28,29,40,1
28,29,41,1
28,29,42,1
28,29,43,1
28,29,44,1
28,29,45,1
28,29,46,1
28,29,47,1
28,29,48,1
28,29,49,1
30,31,0,1
30,31,1,1
30,31,2,1
30,31,3,1
30,31,4,1
30,31,5,1
30,31,6,1
30,31,7,1
30,31,8,1
30,31,9,1
30,31,10,1
30,31,11,1
30,31,12,1
30,31,13,1
30,31,14,1
30,31,15,1
30,31,16,1
30,31,17,1
30,31,18,1
30,31,19,1
30,31,20,1
30,31,21,1
30,31,22,1
30,31,23,1
30,31,24,1
30,31,25,1
30,31,26,1
30,31,27,1
30,31,28,1
30,31,29,1
30,31,40,1
30,31,41,1
30,31,42,1
30,31,43,1
30,31,44,1
30,31,45,1
30,31,46,1
30,31,47,1
30,31,48,1
30,31,49,1
30,32,0,1
30,32,1,1
30,32,2,1
30,32,3,1
30,32,4,1
30,32,5,1
30,32,6,1
30,32,7,1
30,32,8,1
30,32,9,1
30,32,10,1
30,32,11,1
30,32,12,1
30,32,13,1
30,32,14,1
30,32,15,1
30,32,16,1
30,32,17,1
30,32,18,1
30,32,19,1
30,32,20,1
30,32,21,1
30,32,22,1
30,32,23,1
30,32,24,1
30,32,25,1
30,32,26,1
30,32,27,1
30,32,28,1
30,32,29,1
30,32,40,1
30,32,41,1
30,32,42,1
30,32,43,1
30,32,44,1
30,32,45,1
30,32,46,1
30,32,47,1
30,32,48,1
30,32,49,1
30,33,0,1
30,33,1,1
30,33,2,1
30,33,3,1
30,33,4,1
30,33,5,1
30,33,6,1
30,33,7,1
30,33,8,1
30,33,9,1
30,33,10,1
30,33,11,1
30,33,12,1
30,33,13,1
30,33,14,1
30,33,15,1
30,33,16,1
30,33,17,1
30,33,18,1
30,33,19,1
30,33,20,1
30,33,21,1
30,33,22,1
30,33,23,1
30,33,24,1
30,33,25,1
30,33,26,1
30,33,27,1
30,33,28,1
30,33,29,1
30,33,40,1
30,33,41,1
30,33,42,1
30,33,43,1
30,33,44,1
30,33,45,1
30,33,46,1
30,33,47,1
30,33,48,1
30,33,49,1
30,34,0,1
30,34,1,1
30,34,2,1
30,34,3,1
30,34,4,1
30,34,5,1
30,34,6,1
30,34,7,1
30,34,8,1
30,34,9,1
30,34,10,1
30,34,11,1
30,34,12,1
30,34,13,1
30,34,14,1
30,34,15,1
30,34,16,1
30,34,17,1
30,34,18,1
30,34,19,1
30,34,20,1
30,34,21,1
30,34,22,1
30,34,23,1
30,34,24,1
30,34,25,1
30,34,26,1
30,34,27,1
30,34,28,1
30,34,29,1
30,34,40,1
30,34,41,1
30,34,42,1
30,34,43,1
30,34,44,1
30,34,45,1
30,34,46,1
30,34,47,1
30,34,48,1
30,34,49,1
30,35,0,1
30,35,1,1
30,35,2,1
30,35,3,1
30,35,4,1
30,35,5,1
30,35,6,1
30,35,7,1
30,35,8,1
30,35,9,1
30,35,10,1
30,35,11,1
30,35,12,1
30,35,13,1
30,35,14,1
30,35,15,1
30,35,16,1
30,35,17,1
30,35,18,1
30,35,19,1
30,35,20,1
30,35,21,1
30,35,22,1
30,35,23,1
30,35,24,1
30,35,25,1
30,35,26,1
30,35,27,1
30,35,28,1
30,35,29,1
30,35,40,1
30,35,41,1
30,35,42,1
30,35,43,1
30,35,44,1
30,35,45,1
30,35,46,1
30,35,47,1
30,35,48,1
30,35,49,1
30,36,0,1
30,36,1,1
30,36,2,1
30,36,3,1
30,36,4,1
30,36,5,1
30,36,6,1
30,36,7,1
30,36,8,1
30,36,9,1
30,36,10,1
30,36,11,1
30,36,12,1
30,36,13,1
30,36,14,1
30,36,15,1
30,36,16,1
30,36,17,1
30,36,18,1
30,36,19,1
30,36,20,1
30,36,21,1
30,36,22,1
30,36,23,1
30,36,24,1
30,36,25,1
30,36,26,1
30,36,27,1
30,36,28,1
30,36,29,1
30,36,40,1
30,36,41,1
30,36,42,1
30,36,43,1
30,36,44,1
30,36,45,1
30,36,46,1
30,36,47,1
30,36,48,1
30,36,49,1
30,37,0,1
30,37,1,1
30,37,2,1
30,37,3,1
30,37,4,1
30,37,5,1
30,37,6,1
30,37,7,1
30,37,8,1
30,37,9,1
30,37,10,1
30,37,11,1
30,37,12,1
30,37,13,1
30,37,14,1
30,37,15,1
30,37,16,1
30,37,17,1
30,37,18,1
30,37,19,1
30,37,20,1
30,37,21,1
30,37,22,1
30,37,23,1
30,37,24,1
30,37,25,1
30,37,26,1
30,37,27,1
30,37,28,1
30,37,29,1
30,37,40,1
30,37,41,1
30,37,42,1
30,37,43,1
30,37,44,1
30,37,45,1
30,37,46,1
30,37,47,1
30,37,48,1
30,37,49,1
30,38,0,1
30,38,1,1
30,38,2,1
30,38,3,1
30,38,4,1
30,38,5,1
30,38,6,1
30,38,7,1
30,38,8,1
30,38,9,1
30,38,10,1
30,38,11,1
30,38,12,1
30,38,13,1
30,38,14,1
30,38,15,1
30,38,16,1
30,38,17,1
30,38,18,1
30,38,19,1
30,38,20,1
30,38,21,1
30,38,22,1
30,38,23,1
30,38,24,1
30,38,25,1
30,38,26,1
30,38,27,1
30,38,28,1
30,38,29,1
30,38,40,1
30,38,41,1
30,38,42,1
30,38,43,1
30,38,44,1
30,38,45,1
30,38,46,1
30,38,47,1
30,38,48,1
30,38,49,1
30,39,0,1
30,39,1,1
30,39,2,1
30,39,3,1
30,39,4,1
30,39,5,1
30,39,6,1
30,39,7,1
30,39,8,1
30,39,9,1
30,39,10,1
30,39,11,1
30,39,12,1
30,39,13,1
30,39,14,1
30,39,15,1
30,39,16,1
30,39,17,1
30,39,18,1
30,39,19,1
30,39,20,1
30,39,21,1
30,39,22,1
30,39,23,1
30,39,24,1
30,39,25,1
30,39,26,1
30,39,27,1
30,39,28,1
30,39,29,1
30,39,40,1
30,39,41,1
30,39,42,1
30,39,43,1
30,39,44,1
30,39,45,1
30,39,46,1
30,39,47,1
30,39,48,1
30,39,49,1
31,32,0,1
31,32,1,1
31,32,2,1
31,32,3,1
31,32,4,1
31,32,5,1
31,32,6,1
31,32,7,1
31,32,8,1
31,32,9,1
31,32,10,1
31,32,11,1
31,32,12,1
31,32,13,1
31,32,14,1
31,32,15,1
31,32,16,1
31,32,17,1
31,32,18,1
31,32,19,1
31,32,20,1
31,32,21,1
31,32,22,1
31,32,23,1
31,32,24,1
31,32,25,1
31,32,26,1
31,32,27,1
31,32,28,1
31,32,29,1
31,32,40,1
31,32,41,1
31,32,42,1
31,32,43,1
31,32,44,1
31,32,45,1
31,32,46,1
31,32,47,1
31,32,48,1
31,32,49,1
31,33,0,1
31,33,1,1
31,33,2,1
31,33,3,1
31,33,4,1
31,33,5,1
31,33,6,1
31,33,7,1
31,33,8,1
31,33,9,1
31,33,10,1
31,33,11,1
31,33,12,1
31,33,13,1
31,33,14,1
31,33,15,1
31,33,16,1
31,33,17,1
31,33,18,1
31,33,19,1
31,33,20,1
31,33,21,1
31,33,22,1
31,33,23,1
31,33,24,1
31,33,25,1
31,33,26,1
31,33,27,1
31,33,28,1
31,33,29,1
31,33,40,1
31,33,41,1
31,33,42,1
31,33,43,1
31,33,44,1
31,33,45,1
31,33,46,1
31,33,47,1
31,33,48,1
31,33,49,1
31,34,0,1
31,34,1,1
31,34,2,1
31,34,3,1
31,34,4,1
31,34,5,1
31,34,6,1
31,34,7,1
31,34,8,1
31,34,9,1
31,34,10,1
31,34,11,1
31,34,12,1
31,34,13,1
31,34,14,1
31,34,15,1
31,34,16,1
31,34,17,1
31,34,18,1
31,34,19,1
31,34,20,1
31,34,21,1
31,34,22,1
31,34,23,1
31,34,24,1
31,34,25,1
31,34,26,1
31,34,27,1
31,34,28,1
31,34,29,1
31,34,40,1
31,34,41,1
31,34,42,1
31,34,43,1
31,34,44,1
31,34,45,1
31,34,46,1
31,34,47,1
31,34,48,1
31,34,49,1
31,35,0,1
31,35,1,1
31,35,2,1
31,35,3,1
31,35,4,1
31,35,5,1
31,35,6,1
31,35,7,1
31,35,8,1
31,35,9,1
31,35,10,1
31,35,11,1
31,35,12,1
31,35,13,1
31,35,14,1
31,35,15,1
31,35,16,1
31,35,17,1
31,35,18,1
31,35,19,1
31,35,20,1
31,35,21,1
31,35,22,1
31,35,23,1
31,35,24,1
31,35,25,1
31,35,26,1
31,35,27,1
31,35,28,1
31,35,29,1
31,35,40,1
31,35,41,1
31,35,42,1
31,35,43,1
31,35,44,1
31,35,45,1
31,35,46,1
31,35,47,1
31,35,48,1
31,35,49,1
31,36,0,1
31,36,1,1
31,36,2,1
31,36,3,1
31,36,4,1
31,36,5,1
31,36,6,1
31,36,7,1
31,36,8,1
31,36,9,1
31,36,10,1
31,36,11,1
31,36,12,1
31,36,13,1
31,36,14,1
31,36,15,1
31,36,16,1
31,36,17,1
31,36,18,1
31,36,19,1
31,36,20,1
31,36,21,1
31,36,22,1
31,36,23,1
31,36,24,1
31,36,25,1
31,36,26,1
31,36,27,1
31,36,28,1
31,36,29,1
31,36,40,1
31,36,41,1
31,36,42,1
31,36,43,1
31,36,44,1
31,36,45,1
31,36,46,1
31,36,47,1
31,36,48,1
31,36,49,1
31,37,0,1
31,37,1,1
31,37,2,1
31,37,3,1
31,37,4,1
31,37,5,1
31,37,6,1
31,37,7,1
31,37,8,1
31,37,9,1
31,37,10,1
31,37,11,1
31,37,12,1
31,37,13,1
31,37,14,1
31,37,15,1
31,37,16,1
31,37,17,1
31,37,18,1
31,37,19,1
31,37,20,1
31,37,21,1
31,37,22,1
31,37,23,1
31,37,24,1
31,37,25,1
31,37,26,1
31,37,27,1
31,37,28,1
31,37,29,1
31,37,40,1
31,37,41,1
31,37,42,1
31,37,43,1
31,37,44,1
31,37,45,1
31,37,46,1
31,37,47,1
31,37,48,1
31,37,49,1
31,38,0,1
31,38,1,1
31,38,2,1
31,38,3,1
31,38,4,1
31,38,5,1
31,38,6,1
31,38,7,1
31,38,8,1
31,38,9,1
31,38,10,1
31,38,11,1
31,38,12,1
31,38,13,1
31,38,14,1
31,38,15,1
31,38,16,1
31,38,17,1
31,38,18,1
31,38,19,1
31,38,20,1
31,38,21,1
31,38,22,1
31,38,23,1
31,38,24,1
31,38,25,1
31,38,26,1
31,38,27,1
31,38,28,1
31,38,29,1
31,38,40,1
31,38,41,1
31,38,42,1
31,38,43,1
31,38,44,1
31,38,45,1
31,38,46,1
31,38,47,1
31,38,48,1
31,38,49,1
31,39,0,1
31,39,1,1
31,39,2,1
31,39,3,1
31,39,4,1
31,39,5,1
31,39,6,1
31,39,7,1
31,39,8,1
31,39,9,1
31,39,10,1
31,39,11,1
31,39,12,1
31,39,13,1
31,39,14,1
31,39,15,1
31,39,16,1
31,39,17,1
31,39,18,1
31,39,19,1
31,39,20,1
31,39,21,1
31,39,22,1
31,39,23,1
31,39,24,1
31,39,25,1
31,39,26,1
31,39,27,1
31,39,28,1
31,39,29,1
31,39,40,1
31,39,41,1
31,39,42,1
31,39,43,1
31,39,44,1
31,39,45,1
31,39,46,1
31,39,47,1
31,39,48,1
31,39,49,1
32,33,0,1
32,33,1,1
32,33,2,1
32,33,3,1
32,33,4,1
32,33,5,1
32,33,6,1
32,33,7,1
32,33,8,1
32,33,9,1
32,33,10,1
32,33,11,1
32,33,12,1
32,33,13,1
32,33,14,1
32,33,15,1
32,33,16,1
32,33,17,1
32,33,18,1
32,33,19,1
32,33,20,1
32,33,21,1
32,33,22,1
32,33,23,1
32,33,24,1
32,33,25,1
32,33,26,1
32,33,27,1
32,33,28,1
32,33,29,1
32,33,40,1
32,33,41,1
32,33,42,1
32,33,43,1
32,33,44,1
32,33,45,1
32,33,46,1
32,33,47,1
32,33,48,1
32,33,49,1
32,34,0,1
32,34,1,1
32,34,2,1
32,34,3,1
32,34,4,1
32,34,5,1
32,34,6,1
32,34,7,1
32,34,8,1
32,34,9,1
32,34,10,1
32,34,11,1
32,34,12,1
32,34,13,1
32,34,14,1
32,34,15,1
32,34,16,1
32,34,17,1
32,34,18,1
32,34,19,1
32,34,20,1
32,34,21,1
32,34,22,1
32,34,23,1
32,34,24,1
32,34,25,1
32,34,26,1
32,34,27,1
32,34,28,1
32,34,29,1
32,34,40,1
32,34,41,1
32,34,42,1
32,34,43,1
32,34,44,1
32,34,45,1
32,34,46,1
32,34,47,1
32,34,48,1
32,34,49,1
32,35,0,1
32,35,1,1
32,35,2,1
32,35,3,1
32,35,4,1
32,35,5,1
32,35,6,1
32,35,7,1
32,35,8,1
32,35,9,1
32,35,10,1
32,35,11,1
32,35,12,1
32,35,13,1
32,35,14,1
32,35,15,1
32,35,16,1
32,35,17,1
32,35,18,1
32,35,19,1
32,35,20,1
32,35,21,1
32,35,22,1
32,35,23,1
32,35,24,1
32,35,25,1
32,35,26,1
32,35,27,1
32,35,28,1
32,35,29,1
32,35,40,1
32,35,41,1
32,35,42,1
32,35,43,1
32,35,44,1
32,35,45,1
32,35,46,1
32,35,47,1
32,35,48,1
32,35,49,1
32,36,0,1
32,36,1,1
32,36,2,1
32,36,3,1
32,36,4,1
32,36,5,1
32,36,6,1
32,36,7,1
32,36,8,1
32,36,9,1
32,36,10,1
32,36,11,1
32,36,12,1
32,36,13,1
32,36,14,1
32,36,15,1
32,36,16,1
32,36,17,1
32,36,18,1
32,36,19,1
32,36,20,1
32,36,21,1
32,36,22,1
32,36,23,1
32,36,24,1
32,36,25,1
32,36,26,1
32,36,27,1
32,36,28,1
32,36,29,1
32,36,40,1
32,36,41,1
32,36,42,1
32,36,43,1
32,36,44,1
32,36,45,1
32,36,46,1
32,36,47,1
32,36,48,1
32,36,49,1
32,37,0,1
32,37,1,1
32,37,2,1
32,37,3,1
32,37,4,1
32,37,5,1
32,37,6,1
32,37,7,1
32,37,8,1
32,37,9,1
32,37,10,1
32,37,11,1
32,37,12,1
32,37,13,1
32,37,14,1
32,37,15,1
32,37,16,1
32,37,17,1
32,37,18,1
32,37,19,1
32,37,20,1
32,37,21,1
32,37,22,1
32,37,23,1
32,37,24,1
32,37,25,1
32,37,26,1
32,37,27,1
32,37,28,1
32,37,29,1
32,37,40,1
32,37,41,1
32,37,42,1
32,37,43,1
32,37,44,1
32,37,45,1
32,37,46,1
32,37,47,1
32,37,48,1
32,37,49,1
32,38,0,1
32,38,1,1
32,38,2,1
32,38,3,1
32,38,4,1
32,38,5,1
32,38,6,1
32,38,7,1
32,38,8,1
32,38,9,1
32,38,10,1
32,38,11,1
32,38,12,1
32,38,13,1
32,38,14,1
32,38,15,1
32,38,16,1
32,38,17,1
32,38,18,1
32,38,19,1
32,38,20,1
32,38,21,1
32,38,22,1
32,38,23,1
32,38,24,1
32,38,25,1
32,38,26,1
32,38,27,1
32,38,28,1
32,38,29,1
32,38,40,1
32,38,41,1
32,38,42,1
32,38,43,1
32,38,44,1
32,38,45,1
32,38,46,1
32,38,47,1
32,38,48,1
32,38,49,1
32,39,0,1
32,39,1,1
32,39,2,1
32,39,3,1
32,39,4,1
32,39,5,1
32,39,6,1
32,39,7,1
32,39,8,1
32,39,9,1
32,39,10,1
32,39,11,1
32,39,12,1
32,39,13,1
32,39,14,1
32,39,15,1
32,39,16,1
32,39,17,1
32,39,18,1
32,39,19,1
32,39,20,1
32,39,21,1
32,39,22,1
32,39,23,1
32,39,24,1
32,39,25,1
32,39,26,1
32,39,27,1
32,39,28,1
32,39,29,1
32,39,40,1
32,39,41,1
32,39,42,1
32,39,43,1
32,39,44,1
32,39,45,1
32,39,46,1
32,39,47,1
32,39,48,1
32,39,49,1
33,34,0,1
33,34,1,1
33,34,2,1
33,34,3,1
33,34,4,1
33,34,5,1
33,34,6,1
33,34,7,1
33,34,8,1
33,34,9,1
33,34,10,1
33,34,11,1
33,34,12,1
33,34,13,1
33,34,14,1
33,34,15,1
33,34,16,1
33,34,17,1
33,34,18,1
33,34,19,1
33,34,20,1
33,34,21,1
33,34,22,1
33,34,23,1
33,34,24,1
33,34,25,1
33,34,26,1
33,34,27,1
33,34,28,1
33,34,29,1
33,34,40,1
33,34,41,1
33,34,42,1
33,34,43,1
33,34,44,1
33,34,45,1
33,34,46,1
33,34,47,1
33,34,48,1
33,34,49,1
33,35,0,1
33,35,1,1
33,35,2,1
33,35,3,1
33,35,4,1
33,35,5,1
33,35,6,1
33,35,7,1
33,35,8,1
33,35,9,1
33,35,10,1
33,35,11,1
33,35,12,1
33,35,13,1
33,35,14,1
33,35,15,1
33,35,16,1
33,35,17,1
33,35,18,1
33,35,19,1
33,35,20,1
33,35,21,1
33,35,22,1
33,35,23,1
33,35,24,1
33,35,25,1
33,35,26,1
33,35,27,1
33,35,28,1
33,35,29,1
33,35,40,1
33,35,41,1
33,35,42,1
33,35,43,1
33,35,44,1
33,35,45,1
33,35,46,1
33,35,47,1
33,35,48,1
33,35,49,1
33,36,0,1
33,36,1,1
33,36,2,1
33,36,3,1
33,36,4,1
33,36,5,1
33,36,6,1
33,36,7,1
33,36,8,1
33,36,9,1
33,36,10,1
33,36,11,1
33,36,12,1
33,36,13,1
33,36,14,1
33,36,15,1
33,36,16,1
33,36,17,1
33,36,18,1
33,36,19,1
33,36,20,1
33,36,21,1
33,36,22,1
33,36,23,1
33,36,24,1
33,36,25,1
33,36,26,1
33,36,27,1
33,36,28,1
33,36,29,1
33,36,40,1
33,36,41,1
33,36,42,1
33,36,43,1
33,36,44,1
33,36,45,1
33,36,46,1
33,36,47,1
33,36,48,1
33,36,49,1
33,37,0,1
33,37,1,1
33,37,2,1
33,37,3,1
33,37,4,1
33,37,5,1
33,37,6,1
33,37,7,1
33,37,8,1
33,37,9,1
33,37,10,1
33,37,11,1
33,37,12,1
33,37,13,1
33,37,14,1
33,37,15,1
33,37,16,1
33,37,17,1
33,37,18,1
33,37,19,1
33,37,20,1
33,37,21,1
33,37,22,1
33,37,23,1
33,37,24,1
33,37,25,1
33,37,26,1
33,37,27,1
33,37,28,1
33,37,29,1
33,37,40,1
33,37,41,1
33,37,42,1
33,37,43,1
33,37,44,1
33,37,45,1
33,37,46,1
33,37,47,1
33,37,48,1
33,37,49,1
33,38,0,1
33,38,1,1
33,38,2,1
33,38,3,1
33,38,4,1
33,38,5,1
33,38,6,1
33,38,7,1
33,38,8,1
33,38,9,1
33,38,10,1
33,38,11,1
33,38,12,1
33,38,13,1
33,38,14,1
33,38,15,1
33,38,16,1
33,38,17,1
33,38,18,1
33,38,19,1
33,38,20,1
33,38,21,1
33,38,22,1
33,38,23,1
33,38,24,1
33,38,25,1
33,38,26,1
33,38,27,1
33,38,28,1
33,38,29,1
33,38,40,1
33,38,41,1
33,38,42,1
33,38,43,1
33,38,44,1
33,38,45,1
33,38,46,1
33,38,47,1
33,38,48,1
33,38,49,1
33,39,0,1
33,39,1,1
33,39,2,1
33,39,3,1
33,39,4,1
33,39,5,1
33,39,6,1
33,39,7,1
33,39,8,1
33,39,9,1
33,39,10,1
33,39,11,1
33,39,12,1
33,39,13,1
33,39,14,1
33,39,15,1
33,39,16,1
33,39,17,1
33,39,18,1
33,39,19,1
33,39,20,1
33,39,21,1
33,39,22,1
33,39,23,1
33,39,24,1
33,39,25,1
33,39,26,1
33,39,27,1
33,39,28,1
33,39,29,1
33,39,40,1
33,39,41,1
33,39,42,1
33,39,43,1
33,39,44,1
33,39,45,1
33,39,46,1
33,39,47,1
33,39,48,1
33,39,49,1
34,35,0,1
34,35,1,1
34,35,2,1
34,35,3,1
34,35,4,1
34,35,5,1
34,35,6,1
34,35,7,1
34,35,8,1
34,35,9,1
34,35,10,1
34,35,11,1
34,35,12,1
34,35,13,1
34,35,14,1
34,35,15,1
34,35,16,1
34,35,17,1
34,35,18,1
34,35,19,1
34,35,20,1
34,35,21,1
34,35,22,1
34,35,23,1
34,35,24,1
34,35,25,1
34,35,26,1
34,35,27,1
34,35,28,1
34,35,29,1
34,35,40,1
34,35,41,1
34,35,42,1
34,35,43,1
34,35,44,1
34,35,45,1
34,35,46,1
34,35,47,1
34,35,48,1
34,35,49,1
34,36,0,1
34,36,1,1
34,36,2,1
34,36,3,1
34,36,4,1
34,36,5,1
34,36,6,1
34,36,7,1
34,36,8,1
34,36,9,1
34,36,10,1
34,36,11,1
34,36,12,1
34,36,13,1
34,36,14,1
34,36,15,1
34,36,16,1
34,36,17,1
34,36,18,1
34,36,19,1
34,36,20,1
34,36,21,1
34,36,22,1
34,36,23,1
34,36,24,1
34,36,25,1
34,36,26,1
34,36,27,1
34,36,28,1
34,36,29,1
34,36,40,1
34,36,41,1
34,36,42,1
34,36,43,1
34,36,44,1
34,36,45,1
34,36,46,1
34,36,47,1
34,36,48,1
34,36,49,1
34,37,0,1
34,37,1,1
34,37,2,1
34,37,3,1
34,37,4,1
34,37,5,1
34,37,6,1
34,37,7,1
34,37,8,1
34,37,9,1
34,37,10,1
34,37,11,1
34,37,12,1
34,37,13,1
34,37,14,1
34,37,15,1
34,37,16,1
34,37,17,1
34,37,18,1
34,37,19,1
34,37,20,1
34,37,21,1
34,37,22,1
34,37,23,1
34,37,24,1
34,37,25,1
34,37,26,1
34,37,27,1
34,37,28,1
34,37,29,1
34,37,40,1
34,37,41,1
34,37,42,1
34,37,43,1
34,37,44,1
34,37,45,1
34,37,46,1
34,37,47,1
34,37,48,1
34,37,49,1
34,38,0,1
34,38,1,1
34,38,2,1
34,38,3,1
34,38,4,1
34,38,5,1
34,38,6,1
34,38,7,1
34,38,8,1
34,38,9,1
34,38,10,1
34,38,11,1
34,38,12,1
34,38,13,1
34,38,14,1
34,38,15,1
34,38,16,1
34,38,17,1
34,38,18,1
34,38,19,1
34,38,20,1
34,38,21,1
34,38,22,1
34,38,23,1
34,38,24,1
34,38,25,1
34,38,26,1
34,38,27,1
34,38,28,1
34,38,29,1
34,38,40,1
34,38,41,1
34,38,42,1
34,38,43,1
34,38,44,1
34,38,45,1
34,38,46,1
34,38,47,1
34,38,48,1
34,38,49,1
34,39,0,1
34,39,1,1
34,39,2,1
34,39,3,1
34,39,4,1
34,39,5,1
34,39,6,1
34,39,7,1
34,39,8,1
34,39,9,1
34,39,10,1
34,39,11,1
34,39,12,1
34,39,13,1
34,39,14,1
34,39,15,1
34,39,16,1
34,39,17,1
34,39,18,1
34,39,19,1
34,39,20,1
34,39,21,1
34,39,22,1
34,39,23,1
34,39,24,1
34,39,25,1
34,39,26,1
34,39,27,1
34,39,28,1
34,39,29,1
34,39,40,1
34,39,41,1
34,39,42,1
34,39,43,1
34,39,44,1
34,39,45,1
34,39,46,1
34,39,47,1
34,39,48,1
34,39,49,1
35,36,0,1
35,36,1,1
35,36,2,1
35,36,3,1
35,36,4,1
35,36,5,1
35,36,6,1
35,36,7,1
35,36,8,1
35,36,9,1
35,36,10,1
35,36,11,1
35,36,12,1
35,36,13,1
35,36,14,1
35,36,15,1
35,36,16,1
35,36,17,1
35,36,18,1
35,36,19,1
35,36,20,1
35,36,21,1
35,36,22,1
35,36,23,1
35,36,24,1
35,36,25,1
35,36,26,1
35,36,27,1
35,36,28,1
35,36,29,1
35,36,40,1
35,36,41,1
35,36,42,1
35,36,43,1
35,36,44,1
35,36,45,1
35,36,46,1
35,36,47,1
35,36,48,1
35,36,49,1
35,37,0,1
35,37,1,1
35,37,2,1
35,37,3,1
35,37,4,1
35,37,5,1
35,37,6,1
35,37,7,1
35,37,8,1
35,37,9,1
35,37,10,1
35,37,11,1
35,37,12,1
35,37,13,1
35,37,14,1
35,37,15,1
35,37,16,1
35,37,17,1
35,37,18,1
35,37,19,1
35,37,20,1
35,37,21,1
35,37,22,1
35,37,23,1
35,37,24,1
35,37,25,1
35,37,26,1
35,37,27,1
35,37,28,1
35,37,29,1
35,37,40,1
35,37,41,1
35,37,42,1
35,37,43,1
35,37,44,1
35,37,45,1
35,37,46,1
35,37,47,1
35,37,48,1
35,37,49,1
35,38,0,1
35,38,1,1
35,38,2,1
35,38,3,1
35,38,4,1
35,38,5,1
35,38,6,1
35,38,7,1
35,38,8,1
35,38,9,1
35,38,10,1
35,38,11,1
35,38,12,1
35,38,13,1
35,38,14,1
35,38,15,1
35,38,16,1
35,38,17,1
35,38,18,1
35,38,19,1
35,38,20,1
35,38,21,1
35,38,22,1
35,38,23,1
35,38,24,1
35,38,25,1
35,38,26,1
35,38,27,1
35,38,28,1
35,38,29,1
35,38,40,1
35,38,41,1
35,38,42,1
35,38,43,1
35,38,44,1
35,38,45,1
35,38,46,1
35,38,47,1
35,38,48,1
35,38,49,1
35,39,0,1
35,39,1,1
35,39,2,1
35,39,3,1
35,39,4,1
35,39,5,1
35,39,6,1
35,39,7,1
35,39,8,1
35,39,9,1
35,39,10,1
35,39,11,1
35,39,12,1
35,39,13,1
35,39,14,1
35,39,15,1
35,39,16,1
35,39,17,1
35,39,18,1
35,39,19,1
35,39,20,1
35,39,21,1
35,39,22,1
35,39,23,1
35,39,24,1
35,39,25,1
35,39,26,1
35,39,27,1
35,39,28,1
35,39,29,1
35,39,40,1
35,39,41,1
35,39,42,1
35,39,43,1
35,39,44,1
35,39,45,1
35,39,46,1
35,39,47,1
35,39,48,1
35,39,49,1
36,37,0,1
36,37,1,1
36,37,2,1
36,37,3,1
36,37,4,1
36,37,5,1
36,37,6,1
36,37,7,1
36,37,8,1
36,37,9,1
36,37,10,1
36,37,11,1
36,37,12,1
36,37,13,1
36,37,14,1
36,37,15,1
36,37,16,1
36,37,17,1
36,37,18,1
36,37,19,1
36,37,20,1
36,37,21,1
36,37,22,1
36,37,23,1
36,37,24,1
36,37,25,1
36,37,26,1
36,37,27,1
36,37,28,1
36,37,29,1
36,37,40,1
36,37,41,1
36,37,42,1
36,37,43,1
36,37,44,1
36,37,45,1
36,37,46,1
36,37,47,1
36,37,48,1
36,37,49,1
36,38,0,1
36,38,1,1
36,38,2,1
36,38,3,1
36,38,4,1
36,38,5,1
36,38,6,1
36,38,7,1
36,38,8,1
36,38,9,1
36,38,10,1
36,38,11,1
36,38,12,1
36,38,13,1
36,38,14,1
36,38,15,1
36,38,16,1
36,38,17,1
36,38,18,1
36,38,19,1
36,38,20,1
36,38,21,1
36,38,22,1
36,38,23,1
36,38,24,1
36,38,25,1
36,38,26,1
36,38,27,1
36,38,28,1
36,38,29,1
36,38,40,1
36,38,41,1
36,38,42,1
36,38,43,1
36,38,44,1
36,38,45,1
36,38,46,1
36,38,47,1
36,38,48,1
36,38,49,1
36,39,0,1
36,39,1,1
36,39,2,1
36,39,3,1
36,39,4,1
36,39,5,1
36,39,6,1
36,39,7,1
36,39,8,1
36,39,9,1
36,39,10,1
36,39,11,1
36,39,12,1
36,39,13,1
36,39,14,1
36,39,15,1
36,39,16,1
36,39,17,1
36,39,18,1
36,39,19,1
36,39,20,1
36,39,21,1
36,39,22,1
36,39,23,1
36,39,24,1
36,39,25,1
36,39,26,1
36,39,27,1
36,39,28,1
36,39,29,1
36,39,40,1
36,39,41,1
36,39,42,1
36,39,43,1
36,39,44,1
36,39,45,1
36,39,46,1
36,39,47,1
36,39,48,1
36,39,49,1
37,38,0,1
37,38,1,1
37,38,2,1
37,38,3,1
37,38,4,1
37,38,5,1
37,38,6,1
37,38,7,1
37,38,8,1
37,38,9,1
37,38,10,1
37,38,11,1
37,38,12,1
37,38,13,1
37,38,14,1
37,38,15,1
37,38,16,1
37,38,17,1
37,38,18,1
37,38,19,1
37,38,20,1
37,38,21,1
37,38,22,1
37,38,23,1
37,38,24,1
37,38,25,1
37,38,26,1
37,38,27,1
37,38,28,1
37,38,29,1
37,38,40,1
37,38,41,1
37,38,42,1
37,38,43,1
37,38,44,1
37,38,45,1
37,38,46,1
37,38,47,1
37,38,48,1
37,38,49,1
37,39,0,1
37,39,1,1
37,39,2,1
37,39,3,1
37,39,4,1
37,39,5,1
37,39,6,1
37,39,7,1
37,39,8,1
37,39,9,1
37,39,10,1
37,39,11,1
37,39,12,1
37,39,13,1
37,39,14,1
37,39,15,1
37,39,16,1
37,39,17,1
37,39,18,1
37,39,19,1
37,39,20,1
37,39,21,1
37,39,22,1
37,39,23,1
37,39,24,1
37,39,25,1
37,39,26,1
37,39,27,1
37,39,28,1
37,39,29,1
37,39,40,1
37,39,41,1
37,39,42,1
37,39,43,1
37,39,44,1
37,39,45,1
37,39,46,1
37,39,47,1
37,39,48,1
37,39,49,1
38,39,0,1
38,39,1,1
38,39,2,1
38,39,3,1
38,39,4,1
38,39,5,1
38,39,6,1
38,39,7,1
38,39,8,1
38,39,9,1
38,39,10,1
38,39,11,1
38,39,12,1
38,39,13,1
38,39,14,1
38,39,15,1
38,39,16,1
38,39,17,1
38,39,18,1
38,39,19,1
38,39,20,1
38,39,21,1
38,39,22,1
38,39,23,1
38,39,24,1
38,39,25,1
38,39,26,1
38,39,27,1
38,39,28,1
38,39,29,1
38,39,40,1
38,39,41,1
38,39,42,1
38,39,43,1
38,39,44,1
38,39,45,1
38,39,46,1
38,39,47,1
38,39,48,1
38,39,49,1
40,41,0,1
40,41,1,1
40,41,2,1
40,41,3,1
40,41,4,1
40,41,5,1
40,41,6,1
40,41,7,1
40,41,8,1
40,41,9,1
40,41,10,1
40,41,11,1
40,41,12,1
40,41,13,1
40,41,14,1
40,41,15,1
40,41,16,1
40,41,17,1
40,41,18,1
40,41,19,1
40,41,20,1
40,41,21,1
40,41,22,1
40,41,23,1
40,41,24,1
40,41,25,1
40,41,26,1
40,41,27,1
40,41,28,1
40,41,29,1
40,41,30,1
40,41,31,1
40,41,32,1
40,41,33,1
40,41,34,1
40,41,35,1
40,41,36,1
40,41,37,1
40,41,38,1
40,41,39,1
40,42,0,1
40,42,1,1
40,42,2,1
40,42,3,1
40,42,4,1
40,42,5,1
40,42,6,1
40,42,7,1
40,42,8,1
40,42,9,1
40,42,10,1
40,42,11,1
40,42,12,1
40,42,13,1
40,42,14,1
40,42,15,1
40,42,16,1
40,42,17,1
40,42,18,1
40,42,19,1
40,42,20,1
40,42,21,1
40,42,22,1
40,42,23,1
40,42,24,1
40,42,25,1
40,42,26,1
40,42,27,1
40,42,28,1
40,42,29,1
40,42,30,1
40,42,31,1
40,42,32,1
40,42,33,1
40,42,34,1
40,42,35,1
40,42,36,1
40,42,37,1
40,42,38,1
40,42,39,1
40,43,0,1
40,43,1,1
40,43,2,1
40,43,3,1
40,43,4,1
40,43,5,1
40,43,6,1
40,43,7,1
40,43,8,1
40,43,9,1
40,43,10,1
40,43,11,1
40,43,12,1
40,43,13,1
40,43,14,1
40,43,15,1
40,43,16,1
40,43,17,1
40,43,18,1
40,43,19,1
40,43,20,1
40,43,21,1
40,43,22,1
40,43,23,1
40,43,24,1
40,43,25,1
40,43,26,1
40,43,27,1
40,43,28,1
40,43,29,1
40,43,30,1
40,43,31,1
40,43,32,1
40,43,33,1
40,43,34,1
40,43,35,1
40,43,36,1
40,43,37,1
40,43,38,1
40,43,39,1
40,44,0,1
40,44,1,1
40,44,2,1
40,44,3,1
40,44,4,1
40,44,5,1
40,44,6,1
40,44,7,1
40,44,8,1
40,44,9,1
40,44,10,1
40,44,11,1
40,44,12,1
40,44,13,1
40,44,14,1
40,44,15,1
40,44,16,1
40,44,17,1
40,44,18,1
40,44,19,1
40,44,20,1
40,44,21,1
40,44,22,1
40,44,23,1
40,44,24,1
40,44,25,1
40,44,26,1
40,44,27,1
40,44,28,1
40,44,29,1
40,44,30,1
40,44,31,1
40,44,32,1
40,44,33,1
40,44,34,1
40,44,35,1
40,44,36,1
40,44,37,1
40,44,38,1
40,44,39,1
40,45,0,1
40,45,1,1
40,45,2,1
40,45,3,1
40,45,4,1
40,45,5,1
40,45,6,1
40,45,7,1
40,45,8,1
40,45,9,1
40,45,10,1
40,45,11,1
40,45,12,1
40,45,13,1
40,45,14,1
40,45,15,1
40,45,16,1
40,45,17,1
40,45,18,1
40,45,19,1
40,45,20,1
40,45,21,1
40,45,22,1
40,45,23,1
40,45,24,1
40,45,25,1
40,45,26,1
40,45,27,1
40,45,28,1
40,45,29,1
40,45,30,1
40,45,31,1
40,45,32,1
40,45,33,1
40,45,34,1
40,45,35,1
40,45,36,1
40,45,37,1
40,45,38,1
40,45,39,1
40,46,0,1
40,46,1,1
40,46,2,1
40,46,3,1
40,46,4,1
40,46,5,1
40,46,6,1
40,46,7,1
40,46,8,1
40,46,9,1
40,46,10,1
40,46,11,1
40,46,12,1
40,46,13,1
40,46,14,1
40,46,15,1
40,46,16,1
40,46,17,1
40,46,18,1
40,46,19,1
40,46,20,1
40,46,21,1
40,46,22,1
40,46,23,1
40,46,24,1
40,46,25,1
40,46,26,1
40,46,27,1
40,46,28,1
40,46,29,1
40,46,30,1
40,46,31,1
40,46,32,1
40,46,33,1
40,46,34,1
40,46,35,1
40,46,36,1
40,46,37,1
40,46,38,1
40,46,39,1
40,47,0,1
40,47,1,1
40,47,2,1
40,47,3,1
40,47,4,1
40,47,5,1
40,47,6,1
40,47,7,1
40,47,8,1
40,47,9,1
40,47,10,1
40,47,11,1
40,47,12,1
40,47,13,1
40,47,14,1
40,47,15,1
40,47,16,1
40,47,17,1
40,47,18,1
40,47,19,1
40,47,20,1
40,47,21,1
40,47,22,1
40,47,23,1
40,47,24,1
40,47,25,1
40,47,26,1
40,47,27,1
40,47,28,1
40,47,29,1
40,47,30,1
40,47,31,1
40,47,32,1
40,47,33,1
40,47,34,1
40,47,35,1
40,47,36,1
40,47,37,1
40,47,38,1
40,47,39,1
40,48,0,1
40,48,1,1
40,48,2,1
40,48,3,1
40,48,4,1
40,48,5,1
40,48,6,1
40,48,7,1
40,48,8,1
40,48,9,1
40,48,10,1
40,48,11,1
40,48,12,1
40,48,13,1
40,48,14,1
40,48,15,1
40,48,16,1
40,48,17,1
40,48,18,1
40,48,19,1
40,48,20,1
40,48,21,1
40,48,22,1
40,48,23,1
40,48,24,1
40,48,25,1
40,48,26,1
40,48,27,1
40,48,28,1
40,48,29,1
40,48,30,1
40,48,31,1
40,48,32,1
40,48,33,1
40,48,34,1
40,48,35,1
40,48,36,1
40,48,37,1
40,48,38,1
40,48,39,1
40,49,0,1
40,49,1,1
40,49,2,1
40,49,3,1
40,49,4,1
40,49,5,1
40,49,6,1
40,49,7,1
40,49,8,1
40,49,9,1
40,49,10,1
40,49,11,1
40,49,12,1
40,49,13,1
40,49,14,1
40,49,15,1
40,49,16,1
40,49,17,1
40,49,18,1
40,49,19,1
40,49,20,1
40,49,21,1
40,49,22,1
40,49,23,1
40,49,24,1
40,49,25,1
40,49,26,1
40,49,27,1
40,49,28,1
40,49,29,1
40,49,30,1
40,49,31,1
40,49,32,1
40,49,33,1
40,49,34,1
40,49,35,1
40,49,36,1
40,49,37,1
40,49,38,1
40,49,39,1
41,42,0,1
41,42,1,1
41,42,2,1
41,42,3,1
41,42,4,1
41,42,5,1
41,42,6,1
41,42,7,1
41,42,8,1
41,42,9,1
41,42,10,1
41,42,11,1
41,42,12,1
41,42,13,1
41,42,14,1
41,42,15,1
41,42,16,1
41,42,17,1
41,42,18,1
41,42,19,1
41,42,20,1
41,42,21,1
41,42,22,1
41,42,23,1
41,42,24,1
41,42,25,1
41,42,26,1
41,42,27,1
41,42,28,1
41,42,29,1
41,42,30,1
41,42,31,1
41,42,32,1
41,42,33,1
41,42,34,1
41,42,35,1
41,42,36,1
41,42,37,1
41,42,38,1
41,42,39,1
41,43,0,1
41,43,1,1
41,43,2,1
41,43,3,1
41,43,4,1
41,43,5,1
41,43,6,1
41,43,7,1
41,43,8,1
41,43,9,1
41,43,10,1
41,43,11,1
41,43,12,1
41,43,13,1
41,43,14,1
41,43,15,1
41,43,16,1
41,43,17,1
41,43,18,1
41,43,19,1
41,43,20,1
41,43,21,1
41,43,22,1
41,43,23,1
41,43,24,1
41,43,25,1
41,43,26,1
41,43,27,1
41,43,28,1
41,43,29,1
41,43,30,1
41,43,31,1
41,43,32,1
41,43,33,1
41,43,34,1
41,43,35,1
41,43,36,1
41,43,37,1
41,43,38,1
41,43,39,1
41,44,0,1
41,44,1,1
41,44,2,1
41,44,3,1
41,44,4,1
41,44,5,1
41,44,6,1
41,44,7,1
41,44,8,1
41,44,9,1
41,44,10,1
41,44,11,1
41,44,12,1
41,44,13,1
41,44,14,1
41,44,15,1
41,44,16,1
41,44,17,1
41,44,18,1
41,44,19,1
41,44,20,1
41,44,21,1
41,44,22,1
41,44,23,1
41,44,24,1
41,44,25,1
41,44,26,1
41,44,27,1
41,44,28,1
41,44,29,1
41,44,30,1
41,44,31,1
41,44,32,1
41,44,33,1
41,44,34,1
41,44,35,1
41,44,36,1
41,44,37,1
41,44,38,1
41,44,39,1
41,45,0,1
41,45,1,1
41,45,2,1
41,45,3,1
41,45,4,1
41,45,5,1
41,45,6,1
41,45,7,1
41,45,8,1
41,45,9,1
41,45,10,1
41,45,11,1
41,45,12,1
41,45,13,1
41,45,14,1
41,45,15,1
41,45,16,1
41,45,17,1
41,45,18,1
41,45,19,1
41,45,20,1
41,45,21,1
41,45,22,1
41,45,23,1
41,45,24,1
41,45,25,1
41,45,26,1
41,45,27,1
41,45,28,1
41,45,29,1
41,45,30,1
41,45,31,1
41,45,32,1
41,45,33,1
41,45,34,1
41,45,35,1
41,45,36,1
41,45,37,1
41,45,38,1
41,45,39,1
41,46,0,1
41,46,1,1
41,46,2,1
41,46,3,1
41,46,4,1
41,46,5,1
41,46,6,1
41,46,7,1
41,46,8,1
41,46,9,1
41,46,10,1
41,46,11,1
41,46,12,1
41,46,13,1
41,46,14,1
41,46,15,1
41,46,16,1
41,46,17,1
41,46,18,1
41,46,19,1
41,46,20,1
41,46,21,1
41,46,22,1
41,46,23,1
41,46,24,1
41,46,25,1
41,46,26,1
41,46,27,1
41,46,28,1
41,46,29,1
41,46,30,1
41,46,31,1
41,46,32,1
41,46,33,1
41,46,34,1
41,46,35,1
41,46,36,1
41,46,37,1
41,46,38,1
41,46,39,1
41,47,0,1
41,47,1,1
41,47,2,1
41,47,3,1
41,47,4,1
41,47,5,1
41,47,6,1
41,47,7,1
41,47,8,1
41,47,9,1
41,47,10,1
41,47,11,1
41,47,12,1
41,47,13,1
41,47,14,1
41,47,15,1
41,47,16,1
41,47,17,1
41,47,18,1
41,47,19,1
41,47,20,1
41,47,21,1
41,47,22,1
41,47,23,1
41,47,24,1
41,47,25,1
41,47,26,1
41,47,27,1
41,47,28,1
41,47,29,1
41,47,30,1
41,47,31,1
41,47,32,1
41,47,33,1
41,47,34,1
41,47,35,1
41,47,36,1
41,47,37,1
41,47,38,1
41,47,39,1
41,48,0,1
41,48,1,1
41,48,2,1
41,48,3,1
41,48,4,1
41,48,5,1
41,48,6,1
41,48,7,1
41,48,8,1
41,48,9,1
41,48,10,1
41,48,11,1
41,48,12,1
41,48,13,1
41,48,14,1
41,48,15,1
41,48,16,1
41,48,17,1
41,48,18,1
41,48,19,1
41,48,20,1
41,48,21,1
41,48,22,1
41,48,23,1
41,48,24,1
41,48,25,1
41,48,26,1
41,48,27,1
41,48,28,1
41,48,29,1
41,48,30,1
41,48,31,1
41,48,32,1
41,48,33,1
41,48,34,1
41,48,35,1
41,48,36,1
41,48,37,1
41,48,38,1
41,48,39,1
41,49,0,1
41,49,1,1
41,49,2,1
41,49,3,1
41,49,4,1
41,49,5,1
41,49,6,1
41,49,7,1
41,49,8,1
41,49,9,1
41,49,10,1
41,49,11,1
41,49,12,1
41,49,13,1
41,49,14,1
41,49,15,1
41,49,16,1
41,49,17,1
41,49,18,1
41,49,19,1
41,49,20,1
41,49,21,1
41,49,22,1
41,49,23,1
41,49,24,1
41,49,25,1
41,49,26,1
41,49,27,1
41,49,28,1
41,49,29,1
41,49,30,1
41,49,31,1
41,49,32,1
41,49,33,1
41,49,34,1
41,49,35,1
41,49,36,1
41,49,37,1
41,49,38,1
41,49,39,1
42,43,0,1
42,43,1,1
42,43,2,1
42,43,3,1
42,43,4,1
42,43,5,1
42,43,6,1
42,43,7,1
42,43,8,1
42,43,9,1
42,43,10,1
42,43,11,1
42,43,12,1
42,43,13,1
42,43,14,1
42,43,15,1
42,43,16,1
42,43,17,1
42,43,18,1
42,43,19,1
42,43,20,1
42,43,21,1
42,43,22,1
42,43,23,1
42,43,24,1
42,43,25,1
42,43,26,1
42,43,27,1
42,43,28,1
42,43,29,1
42,43,30,1
42,43,31,1
42,43,32,1
42,43,33,1
42,43,34,1
42,43,35,1
42,43,36,1
42,43,37,1
42,43,38,1
42,43,39,1
42,44,0,1
42,44,1,1
42,44,2,1
42,44,3,1
42,44,4,1
42,44,5,1
42,44,6,1
42,44,7,1
42,44,8,1
42,44,9,1
42,44,10,1
42,44,11,1
42,44,12,1
42,44,13,1
42,44,14,1
42,44,15,1
42,44,16,1
42,44,17,1
42,44,18,1
42,44,19,1
42,44,20,1
42,44,21,1
42,44,22,1
42,44,23,1
42,44,24,1
42,44,25,1
42,44,26,1
42,44,27,1
42,44,28,1
42,44,29,1
42,44,30,1
42,44,31,1
42,44,32,1
42,44,33,1
42,44,34,1
42,44,35,1
42,44,36,1
42,44,37,1
42,44,38,1
42,44,39,1
42,45,0,1
42,45,1,1
42,45,2,1
42,45,3,1
42,45,4,1
42,45,5,1
42,45,6,1
42,45,7,1
42,45,8,1
42,45,9,1
42,45,10,1
42,45,11,1
42,45,12,1
42,45,13,1
42,45,14,1
42,45,15,1
42,45,16,1
42,45,17,1
42,45,18,1
42,45,19,1
42,45,20,1
42,45,21,1
42,45,22,1
42,45,23,1
42,45,24,1
42,45,25,1
42,45,26,1
42,45,27,1
42,45,28,1
42,45,29,1
42,45,30,1
42,45,31,1
42,45,32,1
42,45,33,1
42,45,34,1
42,45,35,1
42,45,36,1
42,45,37,1
42,45,38,1
42,45,39,1
42,46,0,1
42,46,1,1
42,46,2,1
42,46,3,1
42,46,4,1
42,46,5,1
42,46,6,1
42,46,7,1
42,46,8,1
42,46,9,1
42,46,10,1
42,46,11,1
42,46,12,1
42,46,13,1
42,46,14,1
42,46,15,1
42,46,16,1
42,46,17,1
42,46,18,1
42,46,19,1
42,46,20,1
42,46,21,1
42,46,22,1
42,46,23,1
42,46,24,1
42,46,25,1
42,46,26,1
42,46,27,1
42,46,28,1
42,46,29,1
42,46,30,1
42,46,31,1
42,46,32,1
42,46,33,1
42,46,34,1
42,46,35,1
42,46,36,1
42,46,37,1
42,46,38,1
42,46,39,1
42,47,0,1
42,47,1,1
42,47,2,1
42,47,3,1
42,47,4,1
42,47,5,1
42,47,6,1
42,47,7,1
42,47,8,1
42,47,9,1
42,47,10,1
42,47,11,1
42,47,12,1
42,47,13,1
42,47,14,1
42,47,15,1
42,47,16,1
42,47,17,1
42,47,18,1
42,47,19,1
42,47,20,1
42,47,21,1
42,47,22,1
42,47,23,1
42,47,24,1
42,47,25,1
42,47,26,1
42,47,27,1
42,47,28,1
42,47,29,1
42,47,30,1
42,47,31,1
42,47,32,1
42,47,33,1
42,47,34,1
42,47,35,1
42,47,36,1
42,47,37,1
42,47,38,1
42,47,39,1
42,48,0,1
42,48,1,1
42,48,2,1
42,48,3,1
42,48,4,1
42,48,5,1
42,48,6,1
42,48,7,1
42,48,8,1
42,48,9,1
42,48,10,1
42,48,11,1
42,48,12,1
42,48,13,1
42,48,14,1
42,48,15,1
42,48,16,1
42,48,17,1
42,48,18,1
42,48,19,1
42,48,20,1
42,48,21,1
42,48,22,1
42,48,23,1
42,48,24,1
42,48,25,1
42,48,26,1
42,48,27,1
42,48,28,1
42,48,29,1
42,48,30,1
42,48,31,1
42,48,32,1
42,48,33,1
42,48,34,1
42,48,35,1
42,48,36,1
42,48,37,1
42,48,38,1
42,48,39,1
42,49,0,1
42,49,1,1
42,49,2,1
42,49,3,1
42,49,4,1
42,49,5,1
42,49,6,1
42,49,7,1
42,49,8,1
42,49,9,1
42,49,10,1
42,49,11,1
42,49,12,1
42,49,13,1
42,49,14,1
42,49,15,1
42,49,16,1
42,49,17,1
42,49,18,1
42,49,19,1
42,49,20,1
42,49,21,1
42,49,22,1
42,49,23,1
42,49,24,1
42,49,25,1
42,49,26,1
42,49,27,1
42,49,28,1
42,49,29,1
42,49,30,1
42,49,31,1
42,49,32,1
42,49,33,1
42,49,34,1
42,49,35,1
42,49,36,1
42,49,37,1
42,49,38,1
42,49,39,1
43,44,0,1
43,44,1,1
43,44,2,1
43,44,3,1
43,44,4,1
43,44,5,1
43,44,6,1
43,44,7,1
43,44,8,1
43,44,9,1
43,44,10,1
43,44,11,1
43,44,12,1
43,44,13,1
43,44,14,1
43,44,15,1
43,44,16,1
43,44,17,1
43,44,18,1
43,44,19,1
43,44,20,1
43,44,21,1
43,44,22,1
43,44,23,1
43,44,24,1
43,44,25,1
43,44,26,1
43,44,27,1
43,44,28,1
43,44,29,1
43,44,30,1
43,44,31,1
43,44,32,1
43,44,33,1
43,44,34,1
43,44,35,1
43,44,36,1
43,44,37,1
43,44,38,1
43,44,39,1
43,45,0,1
43,45,1,1
43,45,2,1
43,45,3,1
43,45,4,1
43,45,5,1
43,45,6,1
43,45,7,1
43,45,8,1
43,45,9,1
43,45,10,1
43,45,11,1
43,45,12,1
43,45,13,1
43,45,14,1
43,45,15,1
43,45,16,1
43,45,17,1
43,45,18,1
43,45,19,1
43,45,20,1
43,45,21,1
43,45,22,1
43,45,23,1
43,45,24,1
43,45,25,1
43,45,26,1
43,45,27,1
43,45,28,1
43,45,29,1
43,45,30,1
43,45,31,1
43,45,32,1
43,45,33,1
43,45,34,1
43,45,35,1
43,45,36,1
43,45,37,1
43,45,38,1
43,45,39,1
43,46,0,1
43,46,1,1
43,46,2,1
43,46,3,1
43,46,4,1
43,46,5,1
43,46,6,1
43,46,7,1
43,46,8,1
43,46,9,1
43,46,10,1
43,46,11,1
43,46,12,1
43,46,13,1
43,46,14,1
43,46,15,1
43,46,16,1
43,46,17,1
43,46,18,1
43,46,19,1
43,46,20,1
43,46,21,1
43,46,22,1
43,46,23,1
43,46,24,1
43,46,25,1
43,46,26,1
43,46,27,1
43,46,28,1
43,46,29,1
43,46,30,1
43,46,31,1
43,46,32,1
43,46,33,1
43,46,34,1
43,46,35,1
43,46,36,1
43,46,37,1
43,46,38,1
43,46,39,1
43,47,0,1
43,47,1,1
43,47,2,1
43,47,3,1
43,47,4,1
43,47,5,1
43,47,6,1
43,47,7,1
43,47,8,1
43,47,9,1
43,47,10,1
43,47,11,1
43,47,12,1
43,47,13,1
43,47,14,1
43,47,15,1
43,47,16,1
43,47,17,1
43,47,18,1
43,47,19,1
43,47,20,1
43,47,21,1
43,47,22,1
43,47,23,1
43,47,24,1
43,47,25,1
43,47,26,1
43,47,27,1
43,47,28,1
43,47,29,1
43,47,30,1
43,47,31,1
43,47,32,1
43,47,33,1
43,47,34,1
43,47,35,1
43,47,36,1
43,47,37,1
43,47,38,1
43,47,39,1
43,48,0,1
43,48,1,1
43,48,2,1
43,48,3,1
43,48,4,1
43,48,5,1
43,48,6,1
43,48,7,1
43,48,8,1
43,48,9,1
43,48,10,1
43,48,11,1
43,48,12,1
43,48,13,1
43,48,14,1
43,48,15,1
43,48,16,1
43,48,17,1
43,48,18,1
43,48,19,1
43,48,20,1
43,48,21,1
43,48,22,1
43,48,23,1
43,48,24,1
43,48,25,1
43,48,26,1
43,48,27,1
43,48,28,1
43,48,29,1
43,48,30,1
43,48,31,1
43,48,32,1
43,48,33,1
43,48,34,1
43,48,35,1
43,48,36,1
43,48,37,1
43,48,38,1
43,48,39,1
43,49,0,1
43,49,1,1
43,49,2,1
43,49,3,1
43,49,4,1
43,49,5,1
43,49,6,1
43,49,7,1
43,49,8,1
43,49,9,1
43,49,10,1
43,49,11,1
43,49,12,1
43,49,13,1
43,49,14,1
43,49,15,1
43,49,16,1
43,49,17,1
43,49,18,1
43,49,19,1
43,49,20,1
43,49,21,1
43,49,22,1
43,49,23,1
43,49,24,1
43,49,25,1
43,49,26,1
43,49,27,1
43,49,28,1
43,49,29,1
43,49,30,1
43,49,31,1
43,49,32,1
43,49,33,1
43,49,34,1
43,49,35,1
43,49,36,1
43,49,37,1
43,49,38,1
43,49,39,1
44,45,0,1
44,45,1,1
44,45,2,1
44,45,3,1
44,45,4,1
44,45,5,1
44,45,6,1
44,45,7,1
44,45,8,1
44,45,9,1
44,45,10,1
44,45,11,1
44,45,12,1
44,45,13,1
44,45,14,1
44,45,15,1
44,45,16,1
44,45,17,1
44,45,18,1
44,45,19,1
44,45,20,1
44,45,21,1
44,45,22,1
44,45,23,1
44,45,24,1
44,45,25,1
44,45,26,1
44,45,27,1
44,45,28,1
44,45,29,1
44,45,30,1
44,45,31,1
44,45,32,1
44,45,33,1
44,45,34,1
44,45,35,1
44,45,36,1
44,45,37,1
44,45,38,1
44,45,39,1
44,46,0,1
44,46,1,1
44,46,2,1
44,46,3,1
44,46,4,1
44,46,5,1
44,46,6,1
44,46,7,1
44,46,8,1
44,46,9,1
44,46,10,1
44,46,11,1
44,46,12,1
44,46,13,1
44,46,14,1
44,46,15,1
44,46,16,1
44,46,17,1
44,46,18,1
44,46,19,1
44,46,20,1
44,46,21,1
44,46,22,1
44,46,23,1
44,46,24,1
44,46,25,1
44,46,26,1
44,46,27,1
44,46,28,1
44,46,29,1
44,46,30,1
44,46,31,1
44,46,32,1
44,46,33,1
44,46,34,1
44,46,35,1
44,46,36,1
44,46,37,1
44,46,38,1
44,46,39,1
44,47,0,1
44,47,1,1
44,47,2,1
44,47,3,1
44,47,4,1
44,47,5,1
44,47,6,1
44,47,7,1
44,47,8,1
44,47,9,1
44,47,10,1
44,47,11,1
44,47,12,1
44,47,13,1
44,47,14,1
44,47,15,1
44,47,16,1
44,47,17,1
44,47,18,1
44,47,19,1
44,47,20,1
44,47,21,1
44,47,22,1
44,47,23,1
44,47,24,1
44,47,25,1
44,47,26,1
44,47,27,1
44,47,28,1
44,47,29,1
44,47,30,1
44,47,31,1
44,47,32,1
44,47,33,1
44,47,34,1
44,47,35,1
44,47,36,1
44,47,37,1
44,47,38,1
44,47,39,1
44,48,0,1
44,48,1,1
44,48,2,1
44,48,3,1
44,48,4,1
44,48,5,1
44,48,6,1
44,48,7,1
44,48,8,1
44,48,9,1
44,48,10,1
44,48,11,1
44,48,12,1
44,48,13,1
44,48,14,1
44,48,15,1
44,48,16,1
44,48,17,1
44,48,18,1
44,48,19,1
44,48,20,1
44,48,21,1
44,48,22,1
44,48,23,1
44,48,24,1
44,48,25,1
44,48,26,1
44,48,27,1
44,48,28,1
44,48,29,1
44,48,30,1
44,48,31,1
44,48,32,1
44,48,33,1
44,48,34,1
44,48,35,1
44,48,36,1
44,48,37,1
44,48,38,1
44,48,39,1
44,49,0,1
44,49,1,1
44,49,2,1
44,49,3,1
44,49,4,1
44,49,5,1
44,49,6,1
44,49,7,1
44,49,8,1
44,49,9,1
44,49,10,1
44,49,11,1
44,49,12,1
44,49,13,1
44,49,14,1
44,49,15,1
44,49,16,1
44,49,17,1
44,49,18,1
44,49,19,1
44,49,20,1
44,49,21,1
44,49,22,1
44,49,23,1
44,49,24,1
44,49,25,1
44,49,26,1
44,49,27,1
44,49,28,1
44,49,29,1
44,49,30,1
44,49,31,1
44,49,32,1
44,49,33,1
44,49,34,1
44,49,35,1
44,49,36,1
44,49,37,1
44,49,38,1
44,49,39,1
45,46,0,1
45,46,1,1
45,46,2,1
45,46,3,1
45,46,4,1
45,46,5,1
45,46,6,1
45,46,7,1
45,46,8,1
45,46,9,1
45,46,10,1
45,46,11,1
45,46,12,1
45,46,13,1
45,46,14,1
45,46,15,1
45,46,16,1
45,46,17,1
45,46,18,1
45,46,19,1
45,46,20,1
45,46,21,1
45,46,22,1
45,46,23,1
45,46,24,1
45,46,25,1
45,46,26,1
45,46,27,1
45,46,28,1
45,46,29,1
45,46,30,1
45,46,31,1
45,46,32,1
45,46,33,1
45,46,34,1
45,46,35,1
45,46,36,1
45,46,37,1
45,46,38,1
45,46,39,1
45,47,0,1
45,47,1,1
45,47,2,1
45,47,3,1
45,47,4,1
45,47,5,1
45,47,6,1
45,47,7,1
45,47,8,1
45,47,9,1
45,47,10,1
45,47,11,1
45,47,12,1
45,47,13,1
45,47,14,1
45,47,15,1
45,47,16,1
45,47,17,1
45,47,18,1
45,47,19,1
45,47,20,1
45,47,21,1
45,47,22,1
45,47,23,1
45,47,24,1
45,47,25,1
45,47,26,1
45,47,27,1
45,47,28,1
45,47,29,1
45,47,30,1
45,47,31,1
45,47,32,1
45,47,33,1
45,47,34,1
45,47,35,1
45,47,36,1
45,47,37,1
45,47,38,1
45,47,39,1
45,48,0,1
45,48,1,1
45,48,2,1
45,48,3,1
45,48,4,1
45,48,5,1
45,48,6,1
45,48,7,1
45,48,8,1
45,48,9,1
45,48,10,1
45,48,11,1
45,48,12,1
45,48,13,1
45,48,14,1
45,48,15,1
45,48,16,1
45,48,17,1
45,48,18,1
45,48,19,1
45,48,20,1
45,48,21,1
45,48,22,1
45,48,23,1
45,48,24,1
45,48,25,1
45,48,26,1
45,48,27,1
45,48,28,1
45,48,29,1
45,48,30,1
45,48,31,1
45,48,32,1
45,48,33,1
45,48,34,1
45,48,35,1
45,48,36,1
45,48,37,1
45,48,38,1
45,48,39,1
45,49,0,1
45,49,1,1
45,49,2,1
45,49,3,1
45,49,4,1
45,49,5,1
45,49,6,1
45,49,7,1
45,49,8,1
45,49,9,1
45,49,10,1
45,49,11,1
45,49,12,1
45,49,13,1
45,49,14,1
45,49,15,1
45,49,16,1
45,49,17,1
45,49,18,1
45,49,19,1
45,49,20,1
45,49,21,1
45,49,22,1
45,49,23,1
45,49,24,1
45,49,25,1
45,49,26,1
45,49,27,1
45,49,28,1
45,49,29,1
45,49,30,1
45,49,31,1
45,49,32,1
45,49,33,1
45,49,34,1
45,49,35,1
45,49,36,1
45,49,37,1
45,49,38,1
45,49,39,1
46,47,0,1
46,47,1,1
46,47,2,1
46,47,3,1
46,47,4,1
46,47,5,1
46,47,6,1
46,47,7,1
46,47,8,1
46,47,9,1
46,47,10,1
46,47,11,1
46,47,12,1
46,47,13,1
46,47,14,1
46,47,15,1
46,47,16,1
46,47,17,1
46,47,18,1
46,47,19,1
46,47,20,1
46,47,21,1
46,47,22,1
46,47,23,1
46,47,24,1
46,47,25,1
46,47,26,1
46,47,27,1
46,47,28,1
46,47,29,1
46,47,30,1
46,47,31,1
46,47,32,1
46,47,33,1
46,47,34,1
46,47,35,1
46,47,36,1
46,47,37,1
46,47,38,1
46,47,39,1
46,48,0,1
46,48,1,1
46,48,2,1
46,48,3,1
46,48,4,1
46,48,5,1
46,48,6,1
46,48,7,1
46,48,8,1
46,48,9,1
46,48,10,1
46,48,11,1
46,48,12,1
46,48,13,1
46,48,14,1
46,48,15,1
46,48,16,1
46,48,17,1
46,48,18,1
46,48,19,1
46,48,20,1
46,48,21,1
46,48,22,1
46,48,23,1
46,48,24,1
46,48,25,1
46,48,26,1
46,48,27,1
46,48,28,1
46,48,29,1
46,48,30,1
46,48,31,1
46,48,32,1
46,48,33,1
46,48,34,1
46,48,35,1
46,48,36,1
46,48,37,1
46,48,38,1
46,48,39,1
46,49,0,1
46,49,1,1
46,49,2,1
46,49,3,1
46,49,4,1
46,49,5,1
46,49,6,1
46,49,7,1
46,49,8,1
46,49,9,1
46,49,10,1
46,49,11,1
46,49,12,1
46,49,13,1
46,49,14,1
46,49,15,1
46,49,16,1
46,49,17,1
46,49,18,1
46,49,19,1
46,49,20,1
46,49,21,1
46,49,22,1
46,49,23,1
46,49,24,1
46,49,25,1
46,49,26,1
46,49,27,1
46,49,28,1
46,49,29,1
46,49,30,1
46,49,31,1
46,49,32,1
46,49,33,1
46,49,34,1
46,49,35,1
46,49,36,1
46,49,37,1
46,49,38,1
46,49,39,1
47,48,0,1
47,48,1,1
47,48,2,1
47,48,3,1
47,48,4,1
47,48,5,1
47,48,6,1
47,48,7,1
47,48,8,1
47,48,9,1
47,48,10,1
47,48,11,1
47,48,12,1
47,48,13,1
47,48,14,1
47,48,15,1
47,48,16,1
47,48,17,1
47,48,18,1
47,48,19,1
47,48,20,1
47,48,21,1
47,48,22,1
47,48,23,1
47,48,24,1
47,48,25,1
47,48,26,1
47,48,27,1
47,48,28,1
47,48,29,1
47,48,30,1
47,48,31,1
47,48,32,1
47,48,33,1
47,48,34,1
47,48,35,1
47,48,36,1
47,48,37,1
47,48,38,1
47,48,39,1
47,49,0,1
47,49,1,1
47,49,2,1
47,49,3,1
47,49,4,1
47,49,5,1
47,49,6,1
47,49,7,1
47,49,8,1
47,49,9,1
47,49,10,1
47,49,11,1
47,49,12,1
47,49,13,1
47,49,14,1
47,49,15,1
47,49,16,1
47,49,17,1
47,49,18,1
47,49,19,1
47,49,20,1
47,49,21,1
47,49,22,1
47,49,23,1
47,49,24,1
47,49,25,1
47,49,26,1
47,49,27,1
47,49,28,1
47,49,29,1
47,49,30,1
47,49,31,1
47,49,32,1
47,49,33,1
47,49,34,1
47,49,35,1
47,49,36,1
47,49,37,1
47,49,38,1
47,49,39,1
48,49,0,1
48,49,1,1
48,49,2,1
48,49,3,1
48,49,4,1
48,49,5,1
48,49,6,1
48,49,7,1
48,49,8,1
48,49,9,1
48,49,10,1
48,49,11,1
48,49,12,1
48,49,13,1
48,49,14,1
48,49,15,1
48,49,16,1
48,49,17,1
48,49,18,1
48,49,19,1
48,49,20,1
48,49,21,1
48,49,22,1
48,49,23,1
48,49,24,1
48,49,25,1
48,49,26,1
48,49,27,1
48,49,28,1
48,49,29,1
48,49,30,1
48,49,31,1
48,49,32,1
48,49,33,1
48,49,34,1
48,49,35,1
48,49,36,1
48,49,37,1
48,49,38,1
48,49,39,1
